vehiculo_specs_key,ejes,llantas,largo_m,ancho_m,alto_m
1,2,6,,2.35,
2,2,6,,2.34,
3,2,4,,2.07,
4,3,8,,2.58,
5,3,8,,2.6,
6,2,6,,1.993,
7,2,6,,2.38,
8,2,6,,2.39,
9,2,6,,2.6,
10,2,6,,2.02,
11,2,6,,1.99,
12,2,6,,2.4,
13,2,4,,1.99,
14,2,6,,2.56,
15,2,6,,2.5,
16,2,6,,2.469,
17,4,10,,2.5,
18,2,6,,2.3,
19,2,4,,1.993,
20,2,4,,1.92,
21,3,8,,2.54,
22,2,6,,2.44,
23,2,6,,2.58,
24,2,4,,1.832,
25,2,6,,2.42,
26,2,4,,2.02,
27,2,6,,2.45,
28,2,6,,2.52,
29,2,4,,1.813,
30,2,6,,2.54,
31,2,6,,2.53,
32,3,8,,2.55,
33,2,6,,2.57,
34,2,6,,2.48,
35,2,6,,2.55,
36,2,6,,2.36,
37,2,6,,2.33,
38,2,4,,1.822,
39,3,8,,2.57,
40,2,6,,2.429,
41,4,10,,2.6,
42,2,4,,1.93,
43,2,6,,1.98,
44,4,10,,2.58,
45,2,6,,2.24,
46,2,6,,2.203,
47,2,6,,2.25,
48,3,6,,2.6,
49,2,6,,2.37,
50,2,4,,2.49,
51,3,8,,2.65,
52,2,6,,2.16,
53,3,8,,2.5,
54,3,8,,2.477,
55,2,6,,2.59,
56,2,6,,2.32,
57,3,8,,2.56,
58,3,8,,0.26,
59,2,6,,2.28,
60,2,6,,2.41,
61,2,4,,1.75,
62,2,4,,2.0,
63,2,4,,1.727,
64,2,6,,2.51,
65,4,10,,2.46,
66,3,0,,2.6,
67,2,0,,2.5,
68,3,0,,,
69,2,6,,2.47,
70,2,6,,2.27,
71,2,4,,2.4,
72,2,4,,1.855,
73,2,6,,2.29,
74,2,6,,2.2,
75,3,10,9.36,2.6,3.45
76,3,10,10.95,2.6,3.67
77,3,10,12.0,2.6,4.1
78,4,12,12.3,2.6,4.1
79,2,6,9.45,2.6,3.4
80,2,4,5.9,2.45,2.6
81,3,10,11.4,2.6,3.8
82,2,6,5.9,2.45,2.6
83,3,10,13.2,2.6,4.1
84,3,10,9.35,2.6,3.6
85,3,10,5.7,2.2,2.9
86,2,6,5.5,2.0,3.0
87,2,,8.7,2.58,8.7
88,3,10,10.8,2.6,3.65
89,2,6,7.1,2.2,3.1
90,3,10,9.5,2.5,3.1
91,2,,5.88,2.4,2.8
92,2,6,4.68,2.0,2.4
93,2,6,10.1,2.5,3.1
94,4,12,8.48,2.6,3.42
95,2,6,12.3,2.6,4.1
96,2,6,6.9,2.6,3.2
97,2,6,7.15,2.2,3.1
98,2,6,9.45,2.6,3.7
99,2,6,7.9,2.52,2.9
100,3,10,11.85,2.5,4.1
101,3,10,7.4,2.55,3.2
102,3,10,11.1,2.6,3.75
103,2,6,9.32,2.6,3.52
104,2,6,6.6,2.45,2.8
105,2,6,10.0,2.6,3.39
106,3,10,7.56,2.47,3.3
107,3,8,7.2,2.5,3.8
108,3,10,11.4,2.6,3.95
109,4,12,11.2,2.6,4.1
110,2,6,8.8,2.55,3.2
111,4,14,12.2,2.6,3.75
112,3,,36.7,2.64,3.06
113,3,10,9.95,2.57,3.65
114,2,6,9.4,2.5,3.6
115,2,6,9.1,2.6,3.4
116,3,10,9.95,2.69,3.65
117,3,10,11.6,2.6,4.1
118,3,10,11.9,2.6,4.0
119,3,10,9.95,2.59,3.65
120,3,10,9.61,2.55,3.2
121,2,6,9.5,2.6,3.7
122,3,10,11.8,2.6,4.05
123,2,6,9.07,2.6,3.3
124,2,6,10.1,2.6,3.6
125,2,6,9.4,2.6,4.1
126,3,10,7.25,2.46,3.3
127,4,12,12.0,2.6,3.5
128,3,10,11.3,2.6,3.5
129,4,12,11.4,2.6,3.8
130,3,10,11.6,2.6,3.5
131,3,10,9.3,2.5,3.9
132,3,10,10.1,2.6,3.55
133,3,10,9.45,2.51,3.38
134,3,10,11.5,2.6,3.7
135,3,10,10.94,2.6,3.9
136,3,10,7.1,2.45,3.4
137,3,10,7.2,2.45,3.0
138,3,10,11.75,2.6,3.5
139,2,,7.5,2.55,3.0
140,4,12,8.88,2.6,3.62
141,4,12,8.5,2.6,3.43
142,3,10,11.5,2.6,4.1
143,2,6,9.8,2.6,3.45
144,4,12,8.51,2.6,3.5
145,4,12,8.6,2.6,3.62
146,2,6,9.9,2.6,3.7
147,3,10,11.4,2.6,3.4
148,2,6,10.9,2.6,3.4
149,3,10,7.675,2.6,3.465
150,2,6,8.19,2.6,2.78
151,2,6,8.3,2.38,2.9
152,2,6,10.1,2.6,3.78
153,2,6,9.5,2.6,4.0
154,3,10,11.7,2.6,4.1
155,2,6,9.7,2.6,4.1
156,3,10,10.0,2.6,4.1
157,4,14,12.0,2.6,4.0
158,2,6,8.57,2.4,3.22
159,2,6,9.2,2.6,3.66
160,3,10,10.8,2.6,4.06
161,3,10,11.6,2.6,3.7
162,3,10,8.25,2.6,3.4
163,3,10,12.1,2.6,4.1
164,3,10,10.7,2.6,3.9
165,3,10,11.1,2.6,4.1
166,3,10,9.0,2.5,3.48
167,3,10,9.452,2.494,3.86
168,3,10,9.86,2.6,3.55
169,3,10,9.45,2.6,3.6
170,3,,10.9,2.6,3.8
171,3,10,9.8,2.6,3.95
172,3,10,9.46,2.5,3.2
173,2,6,9.65,2.6,3.65
174,2,6,8.73,2.486,2.9
175,3,10,10.5,2.6,3.8
176,3,,7.22,2.53,3.28
177,3,,7.34,2.43,3.36
178,2,6,6.5,2.21,2.46
179,2,,6.44,2.21,2.47
180,3,10,11.34,2.6,4.1
181,4,12,11.75,2.6,3.5
182,4,12,11.9,2.6,3.7
183,2,6,7.05,2.3,3.4
184,2,,7.34,2.48,3.25
185,2,,7.5,2.48,3.28
186,2,6,7.35,2.31,3.26
187,3,10,9.5,2.6,3.85
188,3,10,11.7,2.6,3.7
189,2,6,6.5,2.438,2.684
190,4,12,11.9,2.6,4.1
191,3,10,11.4,2.6,3.9
192,3,10,11.43,2.56,4.0
193,2,6,10.2,2.6,4.1
194,4,14,11.7,2.6,3.8
195,2,6,10.2,2.6,3.75
196,2,6,9.5,2.5,3.55
197,2,6,9.7,2.4,3.5
198,3,10,10.05,2.57,4.05
199,3,10,11.3,2.6,3.9
200,3,10,9.45,2.49,3.13
201,2,6,5.82,2.56,2.73
202,2,6,7.3,2.5,3.0
203,2,4,5.1,2.05,2.75
204,2,6,7.46,2.6,3.22
205,2,6,10.5,2.6,3.6
206,3,10,9.46,2.6,3.6
207,3,10,9.46,2.6,3.65
208,3,10,11.2,2.6,4.1
209,2,4,3.99,1.67,1.86
210,2,6,9.95,2.6,4.08
211,2,6,4.74,1.95,2.23
212,2,6,9.2,2.55,3.7
213,2,6,9.5,2.6,4.1
214,4,12,8.5,2.6,3.75
215,2,6,10.5,2.6,4.0
216,2,6,9.0,2.6,3.5
217,3,10,11.7,2.6,3.75
218,2,6,9.5,2.6,3.9
219,4,12,11.6,2.6,4.05
220,3,10,11.5,2.6,3.8
221,2,6,9.0,2.57,3.6
222,3,,9.45,2.5,3.3
223,2,6,9.892,2.6,3.38
224,3,10,10.8,2.6,3.6
225,2,6,7.7,2.5,2.8
226,2,6,7.1,2.4,3.4
227,2,6,7.9,2.4,2.95
228,2,6,9.3,2.6,3.55
229,2,6,12.2,2.6,4.1
230,3,10,10.2,2.6,3.9
231,2,6,9.85,2.6,3.47
232,2,,5.2,2.05,2.35
233,2,,5.5,2.5,2.4
234,2,,0.0,0.0,0.0
235,2,6,9.51,2.6,3.985
236,4,12,12.35,2.6,3.6
237,2,6,9.4,2.6,3.5
238,2,6,12.2,2.6,3.35
239,2,6,9.1,2.55,3.6
240,2,6,10.2,2.6,3.7
241,2,6,11.05,2.6,4.05
242,2,6,10.31,2.6,4.1
243,2,6,9.3,2.6,3.6
244,2,,5.1,2.14,2.33
245,2,4,5.1,2.14,2.33
246,2,,5.71,2.0,2.86
247,2,4,6.05,2.46,3.22
248,2,,5.1,2.14,2.35
249,2,6,8.25,2.57,3.31
250,3,10,8.44,2.48,3.15
251,3,10,10.4,2.6,3.4
252,2,6,9.52,2.6,3.9
253,3,10,9.905,2.6,3.0
254,4,12,11.7,2.6,4.0
255,3,,9.9,2.6,3.5
256,3,10,9.63,2.48,3.3
257,2,4,5.16,2.16,2.72
258,4,12,11.0,2.6,3.7
259,3,10,11.75,2.6,4.2
260,3,10,11.4,2.6,4.1
261,3,10,9.5,2.5,3.8
262,3,10,11.62,2.6,4.1
263,2,6,13.2,2.6,4.1
264,4,,5.1,2.0,2.0
265,3,10,11.38,2.6,3.87
266,2,4,5.1,2.0,2.43
267,4,12,11.5,2.6,3.8
268,3,10,11.2,2.6,4.0
269,3,10,11.5,2.6,3.4
270,4,12,11.4,2.6,3.9
271,4,12,11.7,2.6,4.1
272,2,,5.1,2.0,1.8
273,3,10,11.7,2.6,3.8
274,2,6,7.17,2.6,2.8
275,3,10,12.5,2.6,4.0
276,4,12,12.82,2.6,4.1
277,3,10,9.6,2.6,3.3
278,3,10,9.7,2.6,3.75
279,3,10,11.0,2.6,3.8
280,3,10,10.2,2.6,4.1
281,3,10,12.2,2.6,3.75
282,4,12,12.4,2.6,4.1
283,2,6,8.95,2.44,3.2
284,3,10,10.6,2.6,3.6
285,2,6,8.93,2.6,3.75
286,2,6,9.91,2.5,3.43
287,3,10,10.2,2.55,3.55
288,3,10,10.5,2.5,3.45
289,3,10,10.4,2.6,3.62
290,3,10,8.98,2.6,3.64
291,3,8,11.0,2.6,3.9
292,3,10,8.7,2.5,3.5
293,3,10,10.1,2.6,3.5
294,3,10,10.148,2.486,3.692
295,3,10,9.27,2.6,3.74
296,3,10,11.6,2.6,3.8
297,3,10,11.85,2.6,4.1
298,3,10,9.452,2.494,2.942
299,2,,8.5,2.4,0.0
300,3,10,10.9,2.6,3.7
301,3,10,10.15,2.6,3.85
302,3,10,11.0,2.6,3.7
303,3,10,10.8,2.6,2.45
304,3,10,9.45,2.5,3.7
305,3,10,12.0,2.6,4.0
306,4,12,11.0,2.6,4.1
307,3,10,10.65,2.6,3.7
308,3,,12.0,2.4,2.98
309,3,10,9.45,2.6,3.1
310,3,10,6.2,2.4,2.9
311,3,10,11.8,2.6,4.1
312,3,10,9.5,2.6,3.78
313,3,10,9.05,2.494,3.25
314,4,12,12.8,2.6,4.0
315,4,12,11.6,2.6,3.8
316,3,10,10.95,2.6,4.05
317,3,10,11.31,2.6,3.525
318,3,10,12.3,2.6,4.1
319,3,10,10.45,2.6,3.9
320,4,12,11.28,2.56,3.4
321,4,12,13.6,2.6,3.8
322,3,10,11.328,2.486,3.2
323,2,6,10.0,2.6,4.0
324,4,12,11.6,2.6,3.9
325,4,12,12.1,2.6,3.9
326,4,12,10.4,2.6,3.4
327,3,10,10.65,2.6,3.8
328,4,12,10.4,2.6,3.45
329,3,10,10.06,2.6,3.82
330,2,6,8.4,2.5,3.0
331,2,6,7.6,2.55,3.5
332,3,10,10.8,2.6,4.0
333,3,,9.0,2.4,2.9
334,3,,6.85,2.44,2.95
335,3,,6.5,2.4,3.75
336,3,10,10.8,2.6,3.0
337,4,14,11.93,2.6,3.6
338,4,12,11.9,2.6,3.8
339,4,12,11.85,2.6,4.1
340,3,10,10.4,2.6,3.6
341,4,12,11.35,2.6,3.9
342,3,10,10.63,2.6,4.1
343,2,6,7.0,2.6,3.0
344,3,10,8.9,2.6,3.36
345,3,,9.0,2.46,2.9
346,3,10,11.2,2.6,3.94
347,3,10,11.55,2.6,4.1
348,3,10,10.43,2.6,3.9
349,3,10,10.0,2.6,3.95
350,3,10,11.85,2.6,3.4
351,3,10,11.9,2.6,3.9
352,4,12,12.5,2.6,4.1
353,3,10,10.52,2.55,3.56
354,3,10,11.4,2.6,3.7
355,3,,9.0,2.47,2.9
356,3,10,10.1,2.6,3.8
357,3,10,11.75,2.43,3.9
358,4,12,11.6,2.6,4.1
359,3,10,11.5,2.6,3.9
360,4,12,11.15,2.6,3.6
361,3,10,11.9,2.6,3.85
362,3,10,12.85,2.6,3.98
363,3,10,9.5,2.6,3.15
364,3,10,7.83,2.6,3.1
365,2,4,5.5,1.83,2.47
366,3,10,11.4,2.6,4.0
367,3,10,9.5,2.6,3.8
368,3,10,12.7,2.6,4.0
369,4,12,12.0,2.6,3.8
370,3,10,11.75,2.6,4.1
371,4,12,12.24,2.6,3.9
372,2,,8.792,2.5,3.7
373,2,4,5.3,2.1,2.98
374,2,4,4.83,1.99,2.35
375,2,,5.59,1.92,2.5
376,4,12,10.1,2.5,3.5
377,2,,5.59,1.92,2.6
378,2,6,10.06,2.6,3.82
379,3,10,10.3,2.6,3.8
380,3,10,11.0,2.6,4.1
381,3,10,10.8,2.6,3.8
382,3,10,11.3,2.6,4.0
383,4,14,10.95,2.6,3.65
384,3,10,9.95,2.6,3.7
385,2,6,9.5,2.6,3.8
386,2,6,9.88,2.56,3.8
387,3,10,10.2,2.6,3.2
388,4,14,11.3,2.6,4.1
389,3,10,10.5,2.6,3.5
390,2,6,9.8,2.6,3.8
391,2,6,8.45,2.4,3.1
392,2,6,7.66,2.6,3.9
393,2,4,5.64,1.92,2.6
394,4,14,10.0,2.6,3.35
395,4,12,11.3,2.6,3.5
396,4,12,11.5,2.6,3.6
397,3,10,11.33,2.6,4.1
398,3,10,10.3,2.57,3.285
399,2,,5.58,1.99,2.57
400,3,10,10.85,2.5,3.5
401,4,12,10.8,2.6,4.1
402,3,10,11.73,2.6,4.08
403,4,12,10.6,2.6,3.6
404,3,10,11.3,2.6,4.1
405,4,12,12.0,2.6,3.85
406,2,6,10.0,2.6,3.7
407,3,10,8.35,2.6,3.1
408,4,12,10.5,2.6,3.5
409,2,6,7.66,2.42,3.42
410,2,4,5.58,1.99,2.57
411,3,10,11.9,2.6,3.7
412,2,6,8.8,2.56,3.58
413,3,10,10.6,2.6,3.75
414,3,10,10.5,2.5,3.8
415,2,6,10.15,2.6,3.82
416,4,12,10.8,2.6,3.9
417,4,12,11.7,2.6,4.05
418,2,6,9.06,2.6,3.95
419,2,4,5.9,2.1,2.9
420,3,10,12.5,2.6,4.1
421,2,6,6.6,2.45,2.6
422,2,6,8.55,2.6,3.9
423,2,4,5.58,1.99,2.59
424,3,10,11.25,2.6,3.9
425,2,6,7.5,2.4,2.6
426,2,4,5.64,1.92,2.59
427,4,12,11.4,2.6,4.1
428,2,,5.64,1.92,2.59
429,4,12,12.45,2.6,4.1
430,3,10,11.3,2.6,3.2
431,2,6,9.0,2.6,3.05
432,3,10,10.4,2.6,3.85
433,4,12,11.7,2.6,3.7
434,2,6,10.14,2.6,4.1
435,2,6,9.1,2.52,3.55
436,2,6,8.9,2.45,3.1
437,2,6,6.18,2.42,3.41
438,4,12,8.6,2.6,3.61
439,4,12,10.85,2.6,3.65
440,4,12,9.5,2.5,3.25
441,4,12,11.8,2.6,4.1
442,3,10,11.5,2.6,3.95
443,4,12,11.55,2.6,4.1
444,4,12,13.2,2.6,4.1
445,4,12,11.75,2.6,4.05
446,3,10,11.7,2.6,3.4
447,3,10,10.1,2.6,3.7
448,4,12,11.7,2.6,3.85
449,3,10,12.86,2.6,4.1
450,4,12,12.343,2.6,3.65
451,4,14,11.1,2.6,3.7
452,3,10,11.2,2.6,3.6
453,3,10,10.5,2.6,3.7
454,3,10,11.424,2.6,4.015
455,3,10,11.7,2.6,3.5
456,3,10,11.9,2.6,3.8
457,3,10,11.4,2.6,3.2
458,4,12,11.5,2.6,3.75
459,3,10,10.8,2.6,4.1
460,4,12,11.35,2.6,4.0
461,4,12,11.5,2.6,4.05
462,3,10,10.7,2.6,3.55
463,2,6,9.9,2.6,3.9
464,3,10,11.5,2.6,3.85
465,2,6,6.4,2.2,2.4
466,2,6,7.3,2.4,2.6
467,2,6,7.5,2.5,3.0
468,2,,6.5,2.2,2.4
469,2,6,7.4,2.4,3.3
470,2,6,11.06,2.55,3.2
471,3,,10.4,2.6,3.5
472,2,6,5.5,2.25,2.96
473,2,,7.2,2.4,3.1
474,2,6,7.94,2.5,2.97
475,2,6,8.74,2.6,2.8
476,2,6,9.3,2.6,3.65
477,2,6,8.75,2.6,2.9
478,2,6,8.0,2.5,2.9
479,2,6,6.27,2.56,2.62
480,4,12,12.2,2.6,3.75
481,2,6,9.35,2.6,3.75
482,2,6,9.9,2.6,3.6
483,3,10,11.48,2.6,4.05
484,4,12,11.8,2.6,3.65
485,4,12,12.4,2.6,3.65
486,4,12,8.65,2.6,3.6
487,4,12,10.6,2.6,3.3
488,4,12,11.7,2.6,3.9
489,2,6,6.59,1.99,2.61
490,3,10,10.9,2.6,3.5
491,3,10,10.9,2.6,3.8
492,3,10,11.2,2.6,3.7
493,2,6,6.9,2.0,2.4
494,3,10,11.1,2.6,3.85
495,2,4,5.926,1.993,2.86
496,4,12,10.45,2.6,3.47
497,3,10,9.6,2.56,3.85
498,4,12,11.7,2.6,3.95
499,4,12,10.4,2.6,3.6
500,4,14,11.9,2.6,3.8
501,4,12,11.08,2.6,3.7
502,3,10,11.83,2.6,4.08
503,2,,8.66,2.6,3.75
504,3,10,10.9,2.6,3.55
505,3,10,12.16,2.49,4.1
506,3,10,10.24,2.6,3.55
507,3,10,9.5,2.6,3.82
508,4,14,12.2,2.6,4.1
509,2,6,9.4,2.6,2.9
510,4,12,12.0,2.6,4.1
511,3,10,10.45,2.6,3.55
512,2,6,6.9,2.45,2.88
513,2,6,6.7,2.4,2.9
514,2,6,9.25,2.6,3.5
515,3,10,11.3,2.6,3.8
516,2,6,6.3,2.6,3.2
517,2,,8.8,2.5,3.3
518,2,6,9.0,2.32,2.56
519,2,6,8.9,2.45,3.25
520,2,6,8.0,2.45,3.27
521,2,,8.66,2.4,1.73
522,2,6,9.15,2.58,3.78
523,3,10,10.0,2.52,3.75
524,2,6,9.2,2.6,3.7
525,2,6,9.3,2.55,3.8
526,3,10,10.6,2.6,3.7
527,4,12,12.45,2.6,3.6
528,4,12,11.45,2.6,3.65
529,2,6,11.0,2.6,4.05
530,3,8,9.0,2.6,3.6
531,2,6,9.0,2.55,3.2
532,2,6,9.1,2.4,3.4
533,2,6,8.66,2.47,3.56
534,2,6,9.05,2.6,4.1
535,2,6,9.1,2.45,3.7
536,2,6,8.95,2.4,3.5
537,2,6,11.0,2.4,4.05
538,2,6,8.98,2.6,3.72
539,2,6,8.9,2.55,3.45
540,2,6,11.71,2.42,3.15
541,2,6,9.0,2.56,3.3
542,2,6,9.1,2.46,3.55
543,3,10,10.82,2.6,4.1
544,2,6,8.9,2.55,3.6
545,2,6,8.43,2.49,3.13
546,2,6,7.52,2.44,3.33
547,2,6,9.15,2.55,3.0
548,2,6,8.64,2.6,3.29
549,2,6,7.61,2.6,3.95
550,2,6,8.5,2.5,3.5
551,2,6,9.2,2.6,3.5
552,2,6,8.07,2.54,3.41
553,2,6,9.2,2.6,4.05
554,2,6,6.7,2.6,3.88
555,2,6,9.4,2.4,3.4
556,2,6,9.25,2.6,3.67
557,2,6,8.85,2.6,3.41
558,2,6,8.1,2.4,2.92
559,2,6,9.3,2.4,3.9
560,2,6,9.23,2.6,4.1
561,2,6,8.85,2.6,3.3
562,3,10,6.817,2.5,3.948
563,3,10,6.817,2.5,3.938
564,2,6,8.9,2.6,3.27
565,3,6,6.817,2.5,3.638
566,3,10,6.817,2.5,3.803
567,3,10,6.817,2.5,3.638
568,3,10,3.817,2.5,3.948
569,3,10,9.0,2.6,3.2
570,3,6,6.817,2.5,3.803
571,3,,6.817,2.5,3.948
572,4,12,11.7,2.6,3.65
573,2,6,11.53,2.6,4.1
574,2,6,8.95,2.6,3.4
575,3,10,11.5,2.6,3.5
576,3,10,11.8,2.6,4.0
577,3,10,12.2,2.6,4.1
578,4,12,12.1,2.6,4.1
579,3,10,11.2,2.6,3.9
580,3,10,10.1,2.6,3.25
581,3,10,11.5,2.6,3.75
582,4,14,11.3,2.6,3.6
583,4,12,11.0,2.6,3.9
584,3,,9.45,2.56,3.7
585,3,10,10.57,2.6,3.9
586,3,10,11.2,2.6,3.2
587,3,12,9.7,2.6,3.6
588,4,14,12.3,2.6,4.1
589,4,12,11.75,2.6,3.9
590,4,14,11.4,2.6,3.8
591,3,10,11.7,2.6,3.9
592,3,10,11.42,2.55,4.1
593,3,10,11.7,2.6,3.6
594,4,12,11.3,2.6,3.6
595,2,6,9.7,2.6,3.4
596,2,4,5.926,1.993,2.77
597,3,10,10.9,2.6,4.0
598,3,10,10.4,2.6,4.0
599,4,12,10.9,2.6,3.8
600,3,10,11.6,2.6,3.95
601,3,10,12.05,2.6,4.1
602,3,10,10.25,2.6,3.6
603,3,10,12.6,2.6,4.1
604,3,10,10.5,2.6,3.6
605,4,,8.6,2.6,3.62
606,4,12,11.9,2.6,3.9
607,3,10,6.85,2.5,2.65
608,2,4,5.932,2.02,2.79
609,3,10,11.5,2.6,3.6
610,3,10,11.43,2.6,4.05
611,3,10,9.5,2.6,3.9
612,4,12,10.9,2.6,3.9
613,4,12,11.643,2.606,3.65
614,3,10,9.47,2.6,3.65
615,4,12,10.3,2.6,3.4
616,3,10,11.45,2.6,3.75
617,2,4,5.932,2.02,2.438
618,3,10,9.0,2.6,4.1
619,2,4,5.932,2.02,2.708
620,3,10,11.1,2.6,3.8
621,3,10,10.7,2.6,3.7
622,2,6,6.8,2.4,2.9
623,3,10,11.8,2.6,3.8
624,3,10,9.7,2.6,3.8
625,4,12,9.715,2.5,3.39
626,3,10,12.1,2.6,3.9
627,4,12,11.4,2.6,3.98
628,3,10,10.95,2.6,3.6
629,3,10,13.2,2.6,4.15
630,2,6,7.0,2.3,3.1
631,2,,8.8,2.45,3.1
632,2,,8.0,2.6,2.7
633,2,6,7.05,2.46,2.6
634,2,,7.0,2.4,2.8
635,2,,6.52,2.45,2.6
636,2,,7.92,2.48,3.45
637,4,12,12.7,2.6,4.1
638,3,10,7.8,2.6,3.5
639,3,10,11.25,2.6,3.55
640,2,,5.99,2.0,2.1
641,2,6,5.99,2.0,2.1
642,2,6,8.0,2.45,2.7
643,3,10,9.8,2.5,3.15
644,3,10,11.25,2.6,3.4
645,4,12,10.7,2.6,3.7
646,3,10,10.98,2.6,4.05
647,3,10,11.35,2.6,3.2
648,2,6,5.94,2.5,2.99
649,2,,5.94,2.5,2.99
650,2,6,59.4,25.0,29.95
651,2,6,5.8,2.5,2.3
652,4,14,12.1,2.6,3.8
653,2,,5.8,2.3,2.5
654,3,10,11.0,2.6,3.79
655,4,12,12.0,2.6,4.05
656,2,,7.16,2.6,3.0
657,2,6,7.79,2.44,3.0
658,3,10,11.43,2.6,4.1
659,4,12,10.35,2.55,3.35
660,3,10,9.45,2.56,3.7
661,3,,11.5,2.5,3.15
662,4,12,10.6,2.6,3.7
663,3,10,11.6,2.6,4.0
664,2,6,8.7,2.43,2.65
665,3,10,11.35,2.6,3.85
666,4,12,11.6,2.6,3.7
667,4,12,10.2,2.6,4.1
668,2,,8.32,2.35,2.67
669,2,,10.0,2.53,3.82
670,2,,9.41,2.46,2.72
671,2,6,9.22,2.49,2.87
672,2,6,8.4,2.5,3.75
673,2,,8.7,2.6,2.93
674,2,6,8.8,2.51,2.58
675,3,10,10.8,2.6,3.7
676,4,12,11.5,2.6,3.9
677,2,6,8.5,2.52,2.9
678,3,10,11.45,2.6,3.6
679,3,10,10.2,2.5,3.85
680,4,12,11.55,2.5,3.6
681,3,10,10.8,2.6,3.79
682,4,12,11.45,2.6,3.19
683,2,6,8.7,2.53,3.44
684,3,10,9.9,2.5,3.62
685,4,12,12.83,2.6,4.1
686,2,,8.7,2.6,3.45
687,3,10,11.4,2.6,3.5
688,3,10,9.3,2.6,2.4
689,3,10,11.57,2.6,4.07
690,3,10,11.31,2.6,3.2
691,3,10,10.2,2.6,3.3
692,3,10,12.1,2.6,4.05
693,3,10,9.5,2.6,4.1
694,4,12,10.5,2.6,3.6
695,3,10,9.7,2.6,3.5
696,3,10,9.95,2.6,3.1
697,4,12,11.3,2.6,4.0
698,3,,11.0,2.6,4.0
699,2,6,10.0,2.5,3.49
700,3,10,9.55,2.6,3.8
701,2,6,8.92,2.6,3.87
702,3,10,10.5,2.6,3.9
703,2,6,8.215,2.494,3.281
704,2,6,7.644,2.582,3.983
705,3,10,7.655,2.6,3.31
706,3,10,11.649,2.6,3.881
707,3,10,10.55,2.5,4.0
708,3,10,7.68,2.6,3.42
709,3,10,7.117,2.483,3.428
710,3,10,10.32,2.6,3.42
711,4,12,11.8,2.6,3.85
712,3,10,9.843,2.6,3.35
713,4,14,11.6,2.6,3.8
714,3,10,11.95,2.6,3.8
715,4,14,11.5,2.6,4.1
716,3,10,9.843,2.6,3.8
717,3,10,11.3,2.6,3.7
718,3,10,7.7,2.483,3.3
719,3,10,11.2,2.6,3.8
720,3,10,11.52,2.6,3.92
721,3,10,7.725,2.6,3.5
722,4,12,12.3,2.6,4.0
723,3,10,11.0,2.6,3.6
724,4,14,11.5,2.6,3.7
725,3,10,12.31,2.6,4.1
726,4,12,11.95,2.6,3.86
727,3,10,7.67,2.55,3.45
728,2,6,9.2,2.6,3.4
729,3,10,7.8,2.52,3.58
730,4,12,12.5,2.6,3.8
731,4,12,12.0,2.6,3.55
732,2,6,9.25,2.45,3.68
733,3,10,10.9,2.6,3.95
734,2,,9.0,2.4,2.5
735,3,10,11.143,2.6,3.55
736,3,10,9.5,2.6,3.6
737,4,12,10.85,2.5,4.05
738,3,10,7.617,2.6,3.8
739,3,10,9.25,2.56,3.47
740,3,10,11.0,2.6,3.65
741,4,12,11.7,2.5,3.0
742,3,10,7.95,2.6,3.5
743,3,10,7.703,2.6,3.427
744,3,10,8.15,2.5,4.15
745,3,10,8.55,2.48,3.5
746,3,10,7.9,2.6,4.2
747,3,10,9.9,2.6,3.4
748,4,12,11.25,2.6,3.6
749,2,,9.13,2.6,2.8
750,2,6,8.6,2.5,3.1
751,3,10,12.75,2.6,3.95
752,3,10,8.1,2.6,4.2
753,3,10,7.98,2.55,3.58
754,4,12,11.65,2.6,4.1
755,4,14,12.45,2.6,3.95
756,3,10,10.65,2.6,3.95
757,3,10,12.5,2.6,3.85
758,2,6,10.5,3.1,3.9
759,3,10,8.8,2.6,3.5
760,3,10,8.0,2.55,3.428
761,3,10,12.2,2.6,3.2
762,3,10,11.649,2.6,3.81
763,3,10,7.675,2.6,3.41
764,3,10,8.05,2.6,3.1
765,3,10,10.5,2.6,4.1
766,3,10,7.11,2.48,3.71
767,3,10,8.546,2.558,3.042
768,2,6,10.1,2.5,4.0
769,2,,9.55,2.55,3.43
770,2,6,8.8,2.56,3.32
771,2,6,6.8,2.6,3.0
772,2,6,12.0,2.6,3.6
773,3,10,11.1,2.6,4.0
774,3,10,9.285,2.45,3.57
775,2,6,12.6,2.56,3.6
776,3,10,12.65,2.6,4.1
777,2,6,10.9,2.6,2.66
778,2,6,7.7,2.5,3.4
779,2,,7.95,2.6,2.65
780,3,10,8.546,2.485,3.042
781,2,6,13.2,2.57,3.75
782,3,10,9.17,2.6,3.72
783,2,6,8.6,2.5,3.65
784,2,6,11.7,2.55,3.55
785,2,6,10.45,2.55,3.55
786,3,10,8.05,2.6,3.5
787,2,6,9.3,2.6,2.75
788,2,6,8.6,2.5,2.8
789,3,10,8.6,2.5,2.8
790,2,6,9.72,2.6,3.5
791,2,6,7.9,2.4,2.65
792,3,10,8.546,2.485,3.013
793,3,10,9.0,2.6,3.8
794,2,6,8.76,2.45,3.26
795,3,10,9.71,2.6,3.575
796,2,6,10.0,2.6,3.45
797,3,10,8.546,2.558,3.129
798,3,10,9.0,2.6,3.41
799,3,10,10.091,2.486,3.4
800,3,10,9.57,2.6,3.48
801,2,,8.76,2.45,3.26
802,2,6,8.32,2.38,2.76
803,3,10,10.2,2.6,3.85
804,3,10,9.9,2.6,3.6
805,3,,11.08,2.6,4.1
806,3,10,9.2,2.57,3.5
807,4,12,9.0,2.6,4.0
808,4,12,9.43,2.57,3.75
809,4,12,8.4,2.6,3.35
810,4,12,8.64,2.6,3.65
811,4,12,8.5,2.6,3.86
812,3,10,11.08,2.6,4.1
813,2,6,8.32,2.38,2.73
814,2,,8.33,2.38,2.67
815,2,6,8.53,2.4,2.68
816,3,10,9.9,2.43,3.4
817,3,10,8.05,2.6,3.66
818,3,10,9.37,2.6,3.48
819,3,10,10.05,2.6,3.75
820,4,12,8.67,2.6,3.65
821,3,10,10.691,2.558,2.829
822,3,10,9.98,2.6,3.7
823,2,6,8.95,2.55,3.5
824,3,10,11.5,2.6,3.05
825,2,6,8.33,2.38,3.0
826,2,,4.34,2.39,2.74
827,2,,5.7,2.66,3.75
828,3,10,8.36,2.6,3.15
829,3,10,10.0,2.6,3.7
830,2,,8.33,2.39,2.74
831,3,10,10.68,2.6,3.65
832,2,6,9.35,2.6,3.6
833,4,12,8.6,2.6,3.7
834,3,10,10.36,2.6,3.1
835,3,10,11.0,2.6,2.558
836,3,10,10.3,2.6,3.7
837,4,12,11.2,2.6,3.95
838,3,10,11.5,2.6,2.829
839,3,10,11.0,2.6,2.8
840,2,6,6.3,2.38,2.4
841,2,6,9.24,2.57,3.41
842,2,6,8.33,2.38,2.74
843,4,12,11.0,2.6,3.6
844,4,12,11.3,2.6,3.75
845,4,12,10.8,2.6,4.2
846,3,10,10.91,2.6,3.658
847,2,,9.0,2.4,2.67
848,4,12,8.56,2.6,3.7
849,3,10,11.0,2.6,3.5
850,3,10,8.7,2.6,3.7
851,3,10,8.5,2.6,3.5
852,3,10,11.35,2.6,3.5
853,2,6,8.33,2.55,2.74
854,3,10,10.9,2.6,4.1
855,2,6,7.5,2.5,3.1
856,4,12,8.55,2.6,3.7
857,2,6,7.2,2.35,3.05
858,4,12,11.416,2.6,3.91
859,2,6,6.7,2.35,2.68
860,3,10,11.0,2.6,3.2
861,3,10,8.549,2.558,3.129
862,3,10,9.5,2.6,3.95
863,3,10,9.85,2.6,3.58
864,3,10,7.9,2.6,3.5
865,3,10,8.9,2.6,3.3
866,3,10,12.2,2.6,4.0
867,3,10,11.48,2.6,3.12
868,3,10,10.45,2.6,3.75
869,3,10,12.0,2.6,3.3
870,3,10,10.52,2.6,4.1
871,3,10,9.45,2.6,3.58
872,3,10,8.17,2.6,3.655
873,3,10,9.95,2.6,3.4
874,3,10,11.43,2.6,4.3
875,4,12,11.35,2.6,3.8
876,4,12,11.75,2.6,4.0
877,2,6,6.98,2.5,3.2
878,2,6,6.7,2.38,2.68
879,2,6,6.95,2.53,2.9
880,2,6,7.4,2.53,3.73
881,2,,7.15,2.4,2.8
882,2,6,6.95,2.4,2.8
883,2,6,7.24,2.4,2.8
884,4,12,11.45,2.6,3.3
885,2,6,8.1,2.4,3.4
886,2,,7.63,2.34,3.55
887,2,,7.7,2.6,2.84
888,2,,6.71,2.6,2.74
889,3,10,11.65,2.6,3.7
890,4,12,11.45,2.6,3.6
891,2,6,7.28,2.5,2.5
892,3,10,10.75,2.55,3.5
893,4,12,8.96,2.6,3.6
894,4,12,10.395,2.6,4.1
895,3,,9.4,2.6,3.2
896,4,12,9.45,2.6,4.1
897,4,12,9.66,2.6,4.0
898,2,6,9.1,2.6,3.55
899,4,12,9.35,2.6,3.4
900,3,10,7.8,2.6,2.9
901,4,12,10.5,2.5,3.5
902,4,12,10.6,2.6,3.8
903,4,12,11.635,2.6,4.115
904,4,12,11.3,2.6,4.1
905,2,,10.27,2.45,2.7
906,4,12,11.35,2.6,4.1
907,2,6,8.85,2.6,3.35
908,4,12,11.5,2.6,4.1
909,4,12,10.78,2.6,3.8
910,4,12,10.7,2.6,3.8
911,4,12,11.59,2.6,4.094
912,3,10,7.58,2.6,3.3
913,2,6,7.67,2.42,2.9
914,2,6,7.67,2.42,2.69
915,4,12,11.1,2.6,3.4
916,3,10,10.1,2.58,3.29
917,3,8,9.87,2.6,4.08
918,4,12,11.25,2.6,3.3
919,4,12,12.41,2.6,4.1
920,4,12,10.7,2.6,3.75
921,2,6,8.4,2.44,2.72
922,2,6,11.3,2.6,3.85
923,2,6,8.0,2.61,3.0
924,4,12,12.3,2.6,3.3
925,4,12,11.65,2.6,3.7
926,4,12,12.2,2.6,3.8
927,4,12,11.95,2.6,3.98
928,4,12,12.65,2.6,4.1
929,4,12,12.4,2.6,3.9
930,4,12,8.54,2.6,3.21
931,3,10,9.75,2.42,2.69
932,4,12,12.2,2.6,3.9
933,2,6,8.5,2.4,3.3
934,3,10,9.6,2.42,2.69
935,2,6,7.5,2.4,3.1
936,4,12,11.89,2.6,3.79
937,4,12,11.4,2.6,3.65
938,2,,7.67,2.42,2.6
939,2,,8.57,2.42,2.73
940,4,12,12.2,2.6,3.6
941,2,6,7.67,2.42,3.0
942,2,,7.67,2.42,2.69
943,4,12,11.9,2.55,3.9
944,4,12,12.2,2.6,4.0
945,4,12,12.95,2.6,4.1
946,4,12,12.3,2.6,3.8
947,4,12,12.2,2.6,4.1
948,4,12,12.2,2.6,3.95
949,3,10,11.95,2.6,4.1
950,3,10,11.04,2.6,4.17
951,4,12,10.18,2.6,3.4
952,4,12,13.1,2.6,4.1
953,3,10,9.84,2.6,3.6
954,3,10,9.6,2.6,3.75
955,2,6,9.15,2.42,3.8
956,3,10,7.7,2.6,3.8
957,3,10,9.25,2.6,3.75
958,2,6,7.32,2.42,2.69
959,3,10,9.85,2.57,3.14
960,3,10,9.84,2.6,3.78
961,3,10,9.84,2.55,3.8
962,4,12,10.6,2.6,3.55
963,3,10,10.7,2.51,3.68
964,3,10,9.84,2.6,3.65
965,3,10,11.3,2.6,3.95
966,3,10,9.9,2.5,3.2
967,2,6,8.82,2.6,3.3
968,3,10,9.84,2.57,3.75
969,3,10,9.4,2.6,3.95
970,2,,8.9,2.6,2.75
971,2,6,8.9,2.6,2.75
972,2,6,10.0,2.6,3.6
973,3,10,10.72,2.5,3.22
974,3,10,9.95,2.62,3.4
975,3,10,11.316,2.6,3.13
976,2,6,9.34,2.55,3.5
977,2,6,11.0,2.45,2.7
978,4,12,8.55,2.6,3.6
979,3,10,10.4,2.6,3.8
980,3,10,9.9,2.6,3.005
981,3,10,9.5,2.52,3.86
982,3,10,11.025,2.6,3.2
983,4,12,10.2,2.6,3.5
984,3,10,9.4,2.6,3.65
985,3,10,10.25,2.6,3.5
986,4,12,8.6,2.6,3.1
987,3,10,9.6,2.6,3.8
988,3,10,8.86,2.5,3.15
989,3,10,7.74,2.6,3.43
990,3,10,10.07,2.6,3.65
991,3,10,9.3,2.55,3.85
992,3,10,6.97,2.486,3.2
993,3,,8.35,2.6,3.4
994,3,10,11.7,2.6,3.85
995,3,10,10.89,2.6,4.1
996,3,10,7.67,2.42,2.69
997,2,6,7.67,2.42,2.67
998,3,10,10.1,2.55,3.7
999,3,10,9.9,2.5,3.0
1000,3,10,9.45,2.6,3.8
1001,3,10,10.3,2.6,3.4
1002,3,10,9.5,2.6,4.0
1003,3,10,9.84,2.47,3.6
1004,3,10,9.6,2.6,4.1
1005,2,6,9.7,2.6,3.6
1006,2,,6.7,2.35,2.7
1007,3,10,12.13,2.6,4.04
1008,2,,3.99,1.67,1.86
1009,4,12,8.6,2.5,3.5
1010,2,6,9.0,2.6,3.3
1011,3,10,9.0,2.5,3.6
1012,3,10,10.0,2.6,3.5
1013,3,10,10.08,2.44,3.58
1014,3,10,9.55,2.6,4.0
1015,3,10,9.44,2.6,3.85
1016,4,,10.4,2.6,3.45
1017,4,14,11.89,2.6,4.1
1018,3,10,9.97,2.6,3.511
1019,2,,8.5,2.5,2.4
1020,3,10,9.84,2.47,3.8
1021,2,,9.5,2.42,2.69
1022,3,10,9.4,2.6,3.5
1023,2,,8.7,2.5,2.7
1024,2,6,8.78,2.54,3.48
1025,4,12,12.2,2.6,3.84
1026,2,6,9.55,2.6,3.0
1027,3,10,9.7,2.6,4.0
1028,2,6,8.5,2.42,2.69
1029,2,6,8.9,2.6,3.5
1030,2,6,8.8,2.3,3.3
1031,3,10,7.55,2.5,3.25
1032,3,10,9.5,2.6,3.7
1033,3,10,8.8,2.47,3.7
1034,3,10,10.26,2.6,3.82
1035,2,6,8.0,2.5,2.1
1036,3,10,9.84,2.6,3.75
1037,3,10,8.58,2.5,2.8
1038,2,6,8.7,2.45,2.75
1039,3,10,10.7,2.6,3.5
1040,2,,4.0,1.67,1.86
1041,3,10,8.9,2.52,2.22
1042,4,12,8.795,2.6,3.655
1043,3,,8.5,2.5,3.3
1044,2,,6.8,2.4,3.1
1045,2,,7.8,2.52,2.7
1046,2,6,7.2,2.44,1.75
1047,2,,10.0,2.5,2.6
1048,2,6,10.8,2.5,2.69
1049,3,10,10.29,2.49,2.75
1050,3,10,10.3,2.5,2.8
1051,2,6,9.55,2.6,4.1
1052,2,6,10.2,2.6,4.0
1053,4,12,11.56,2.6,3.98
1054,3,10,9.2,2.6,4.1
1055,3,10,8.3,2.6,4.1
1056,2,6,8.35,2.5,3.05
1057,3,10,12.3,2.6,3.9
1058,3,10,10.3,2.5,2.75
1059,3,10,9.44,2.6,3.9
1060,3,,10.5,2.55,3.8
1061,3,10,11.9,2.63,3.25
1062,3,,10.6,2.6,2.8
1063,3,10,10.3,2.49,2.1
1064,3,10,9.6,2.5,3.2
1065,4,12,10.9,2.6,3.75
1066,3,10,10.7,2.49,3.1
1067,4,12,8.635,2.6,3.545
1068,4,14,12.8,2.6,3.7
1069,3,,10.6,2.5,3.4
1070,3,10,9.24,2.6,3.8
1071,4,12,11.24,2.6,3.7
1072,4,12,8.7,2.6,2.9
1073,4,12,8.6,2.6,3.55
1074,3,10,10.7,2.5,3.88
1075,4,12,8.48,2.5,2.9
1076,3,10,11.44,2.6,4.055
1077,4,12,10.244,2.57,3.696
1078,3,10,9.66,2.6,3.85
1079,3,10,10.3,2.5,3.88
1080,4,,9.9,2.6,3.3
1081,3,10,10.6,2.6,4.0
1082,4,12,9.84,2.6,3.9
1083,3,,8.2,2.4,3.2
1084,3,,8.7,2.4,2.8
1085,4,12,8.5,2.6,3.63
1086,3,10,7.85,2.5,3.1
1087,4,12,11.17,2.6,3.75
1088,3,10,9.84,2.5,4.1
1089,3,10,7.2,2.5,2.8
1090,2,6,7.12,2.3,3.0
1091,3,10,9.84,2.6,3.8
1092,3,10,10.7,2.6,4.1
1093,4,12,9.9,2.6,3.3
1094,3,10,9.85,2.6,3.385
1095,3,10,9.95,2.6,3.91
1096,3,10,10.7,2.6,3.65
1097,4,12,12.17,2.6,4.65
1098,2,6,6.0,2.3,3.0
1099,3,10,10.83,2.6,4.1
1100,2,6,10.3,2.5,3.5
1101,3,10,8.0,2.5,3.14
1102,3,10,7.65,2.45,2.9
1103,3,10,8.84,2.6,3.7
1104,3,10,9.65,2.6,3.78
1105,3,,8.3,2.5,3.4
1106,3,10,7.44,2.44,2.96
1107,2,6,8.07,2.55,3.7
1108,2,6,13.2,2.6,3.85
1109,3,8,15.0,2.6,3.45
1110,3,8,15.0,2.6,3.65
1111,2,6,8.5,2.6,3.3
1112,2,6,8.6,2.52,3.5
1113,2,,8.6,2.52,3.5
1114,2,6,8.6,2.6,3.5
1115,2,6,8.6,2.58,3.5
1116,4,12,10.5,2.6,3.9
1117,3,10,9.5,2.44,3.5
1118,2,6,8.2,2.5,2.4
1119,2,6,8.52,2.6,3.94
1120,2,6,9.4,2.5,3.62
1121,2,,8.38,2.42,2.56
1122,2,6,8.0,2.6,3.6
1123,3,10,9.5,2.55,3.8
1124,3,10,9.84,2.48,3.6
1125,4,12,8.59,2.6,3.61
1126,3,10,9.84,2.47,3.2
1127,3,10,9.0,2.6,3.0
1128,2,,9.28,2.6,3.48
1129,2,6,7.3,2.43,3.26
1130,2,6,6.9,2.6,3.78
1131,3,10,9.4,2.47,4.1
1132,2,6,8.4,2.45,3.15
1133,3,10,9.84,2.6,3.85
1134,3,10,9.84,2.5,3.6
1135,3,10,10.35,2.6,3.4
1136,3,10,8.1,2.6,3.3
1137,2,6,6.35,2.45,3.0
1138,2,6,7.9,2.6,3.17
1139,3,10,8.8,2.47,4.0
1140,3,10,9.95,2.6,3.96
1141,3,10,10.1,2.6,3.71
1142,3,10,9.78,2.6,4.0
1143,3,10,9.84,2.6,3.69
1144,2,6,7.0,2.42,3.27
1145,3,10,9.85,2.6,3.6
1146,2,6,6.6,2.42,3.42
1147,2,6,7.25,2.3,3.3
1148,2,,6.6,2.25,2.95
1149,2,6,6.5,2.21,2.41
1150,3,10,9.4,2.55,4.1
1151,3,10,10.7,2.6,3.8
1152,3,10,9.47,2.56,3.605
1153,4,,9.5,2.6,3.61
1154,4,,8.25,2.5,3.34
1155,2,,6.5,2.21,0.0
1156,2,6,7.2,2.5,3.0
1157,2,,6.5,2.2,2.41
1158,3,10,9.28,2.6,4.1
1159,2,6,6.9,2.2,2.4
1160,2,6,5.5,2.21,2.0
1161,2,6,6.5,2.21,2.0
1162,4,,9.95,2.6,4.1
1163,3,10,9.85,2.5,3.8
1164,3,,6.817,2.5,3.803
1165,3,10,10.31,2.6,3.044
1166,2,,6.5,2.21,2.1
1167,3,10,12.85,2.6,4.1
1168,3,10,10.55,2.6,3.95
1169,3,10,13.57,2.65,4.3
1170,2,6,7.1,2.4,3.1
1171,3,10,10.3,2.6,3.65
1172,2,6,6.5,2.2,2.0
1173,3,10,10.1,2.6,3.6
1174,3,10,11.9,2.6,4.1
1175,4,12,8.67,2.6,3.655
1176,2,6,4.36,2.21,2.2
1177,3,10,9.8,2.6,3.2
1178,3,10,11.2,2.6,3.67
1179,3,10,11.0,2.6,4.2
1180,2,6,5.43,2.21,2.5
1181,2,6,6.5,2.1,1.75
1182,4,12,10.8,2.6,4.05
1183,2,6,6.75,2.38,2.9
1184,2,6,7.0,2.25,2.9
1185,2,6,6.5,2.1,2.8
1186,2,6,7.0,2.3,3.0
1187,2,6,6.5,2.5,2.46
1188,4,,10.7,2.6,3.7
1189,3,10,9.9,2.6,3.8
1190,3,10,10.74,2.6,3.7
1191,3,,9.84,2.5,3.6
1192,4,12,8.55,2.6,3.53
1193,2,6,7.15,2.35,3.1
1194,4,12,8.65,2.6,3.66
1195,2,6,4.8,2.25,2.45
1196,2,6,7.3,2.51,2.54
1197,2,6,7.6,2.2,2.8
1198,3,10,10.09,2.6,3.442
1199,3,10,12.4,2.486,4.1
1200,3,10,11.8,2.6,2.8
1201,2,6,6.85,2.1,2.7
1202,3,10,9.4,2.47,3.3
1203,2,6,7.3,2.4,3.1
1204,2,,6.5,2.5,2.46
1205,2,6,7.1,2.5,3.0
1206,3,10,9.65,2.6,3.6
1207,2,6,7.18,2.27,3.0
1208,3,10,11.15,2.6,3.7
1209,3,10,10.9,2.6,3.85
1210,4,12,12.25,2.6,4.1
1211,3,10,9.724,2.6,3.557
1212,2,,6.5,2.5,2.4
1213,2,,7.0,2.2,2.94
1214,3,10,11.8,2.6,3.9
1215,3,10,9.88,2.58,3.83
1216,2,6,7.0,2.2,2.94
1217,2,,6.8,2.4,2.95
1218,2,6,7.95,2.25,2.48
1219,2,6,9.0,2.62,3.07
1220,2,6,6.5,2.21,3.0
1221,2,6,7.2,2.45,3.06
1222,2,6,6.8,2.35,3.0
1223,2,6,7.0,2.5,3.0
1224,3,10,9.25,2.6,4.1
1225,2,6,7.35,2.3,3.15
1226,2,6,7.4,2.35,3.7
1227,4,12,13.0,2.6,4.1
1228,3,10,10.88,2.6,3.765
1229,3,10,10.85,2.6,3.5
1230,2,,7.18,2.23,3.0
1231,3,10,9.8,2.5,3.6
1232,3,10,9.5,2.52,3.85
1233,2,6,7.18,2.23,3.0
1234,3,10,9.9,2.6,3.65
1235,2,6,6.9,2.2,3.2
1236,2,,4.35,2.22,1.8
1237,3,10,11.37,2.6,3.83
1238,2,6,6.7,2.26,3.1
1239,3,10,9.84,2.6,3.1
1240,3,10,9.2,2.5,3.65
1241,2,6,7.0,2.45,2.75
1242,2,6,7.4,2.5,3.6
1243,2,6,6.07,2.44,3.49
1244,3,10,10.0,2.6,3.9
1245,2,6,7.0,2.2,2.9
1246,2,6,7.36,2.4,3.26
1247,2,,6.5,2.21,2.46
1248,3,10,11.4,2.6,4.03
1249,2,6,7.2,2.4,2.8
1250,3,10,10.2,2.6,3.64
1251,3,10,10.3,2.6,3.9
1252,2,6,6.7,2.1,2.38
1253,3,10,10.73,2.6,3.8
1254,3,10,11.3,2.6,3.4
1255,3,10,10.38,2.6,3.61
1256,4,14,10.34,2.6,3.85
1257,2,6,6.5,2.21,3.15
1258,3,10,9.5,2.6,3.75
1259,2,6,6.9,2.38,3.0
1260,3,10,10.75,2.6,4.1
1261,2,6,10.0,2.6,3.5
1262,2,6,7.2,2.4,2.65
1263,2,6,7.31,2.3,3.02
1264,3,10,10.37,2.6,4.1
1265,2,6,7.3,2.24,3.1
1266,2,6,5.81,2.57,3.9
1267,2,6,5.43,2.21,0.0
1268,2,,5.81,2.57,3.9
1269,2,,6.08,2.35,2.83
1270,4,12,10.5,2.6,2.69
1271,2,6,7.18,2.3,3.0
1272,2,6,11.3,2.23,3.0
1273,2,6,7.18,2.23,2.7
1274,4,12,8.69,2.6,3.75
1275,3,10,10.2,2.55,2.6
1276,3,10,8.0,2.5,2.8
1277,3,10,8.3,2.6,3.955
1278,2,6,7.82,2.25,3.25
1279,2,6,7.18,2.23,2.4
1280,3,10,6.78,2.576,3.054
1281,3,10,8.6,2.57,3.95
1282,2,6,8.8,2.6,4.025
1283,3,10,10.85,2.6,4.0
1284,2,,8.65,2.5,3.2
1285,2,6,6.7,2.45,2.6
1286,3,10,6.81,2.57,3.08
1287,3,10,11.2,2.6,3.4
1288,2,6,7.0,2.3,3.05
1289,3,10,12.085,2.6,3.79
1290,2,6,7.18,2.35,3.0
1291,2,6,8.18,2.45,3.36
1292,2,6,7.1,2.35,3.2
1293,2,6,8.4,2.4,2.75
1294,2,6,6.2,2.4,3.0
1295,2,6,7.55,2.28,3.45
1296,2,6,6.5,2.21,2.08
1297,3,10,7.45,2.6,3.35
1298,3,10,11.15,2.6,3.8
1299,2,,7.15,2.2,3.15
1300,3,,6.81,2.57,3.08
1301,2,,6.5,2.21,2.0
1302,2,6,7.0,2.3,3.2
1303,2,6,7.5,2.3,2.9
1304,4,12,11.73,2.6,3.9
1305,3,10,6.81,2.44,3.51
1306,2,,6.5,2.21,2.25
1307,2,6,7.2,2.21,2.9
1308,2,6,6.54,2.21,3.25
1309,2,,6.78,2.21,3.18
1310,2,,7.35,2.21,2.46
1311,3,10,11.2,2.6,4.05
1312,3,10,7.5,2.57,3.45
1313,3,10,8.92,2.52,3.11
1314,2,6,6.5,2.2,3.0
1315,2,6,7.46,2.41,3.16
1316,3,10,7.3,2.6,3.7
1317,3,10,11.7,2.6,3.3
1318,3,10,8.4,2.6,4.1
1319,2,6,6.6,2.28,2.59
1320,2,6,6.0,2.5,3.2
1321,4,12,10.5,2.6,4.1
1322,2,6,7.15,2.35,3.25
1323,2,6,7.42,2.37,3.05
1324,2,6,7.17,2.42,3.19
1325,2,6,6.95,2.35,3.1
1326,2,6,7.07,2.39,3.3
1327,2,6,6.5,2.2,2.5
1328,2,,6.5,2.56,3.02
1329,2,6,7.39,2.35,2.98
1330,2,6,7.05,2.39,2.98
1331,2,6,7.3,2.6,3.0
1332,2,6,7.0,2.35,3.2
1333,2,6,7.5,2.4,3.35
1334,3,10,6.8,2.6,3.0
1335,4,12,11.8,2.6,3.7
1336,2,,6.7,2.3,2.29
1337,2,6,6.8,2.21,2.46
1338,2,6,6.8,2.35,3.3
1339,3,10,7.5,2.6,2.8
1340,2,6,7.0,2.35,3.25
1341,3,10,6.9,2.6,3.4
1342,2,6,7.0,2.36,3.05
1343,3,10,7.63,2.6,3.12
1344,2,6,6.43,2.6,3.05
1345,2,6,7.1,2.37,3.17
1346,3,10,7.5,2.6,3.7
1347,3,,7.5,2.5,3.52
1348,3,10,8.0,2.5,3.3
1349,3,10,7.48,2.5,3.51
1350,3,10,7.79,2.6,3.45
1351,3,10,13.01,2.6,4.08
1352,3,10,7.5,2.5,3.52
1353,3,10,10.45,2.6,3.7
1354,3,10,7.4,2.6,2.85
1355,3,10,7.0,2.6,2.85
1356,2,6,6.5,2.21,2.8
1357,3,10,7.45,2.6,3.52
1358,3,10,7.1,2.58,3.3
1359,3,10,6.95,2.6,3.5
1360,3,10,8.6,2.52,3.8
1361,3,10,8.21,2.6,3.44
1362,3,,9.3,2.5,3.35
1363,3,,10.5,2.6,3.85
1364,3,10,9.69,2.6,3.85
1365,2,6,6.5,2.25,2.0
1366,4,12,11.0,2.6,3.5
1367,3,10,8.19,2.6,3.9
1368,3,10,10.235,2.6,4.1
1369,3,10,10.3,2.6,3.6
1370,2,6,7.36,2.3,3.0
1371,2,,7.2,2.25,2.9
1372,3,10,10.8,2.6,3.45
1373,4,12,10.8,2.6,3.65
1374,2,6,9.04,2.47,3.19
1375,2,6,6.1,2.45,2.85
1376,2,6,8.1,2.6,3.6
1377,2,6,6.5,2.2,2.8
1378,2,6,7.23,2.2,3.15
1379,2,6,6.3,2.28,3.1
1380,2,6,7.6,2.41,3.3
1381,4,14,11.9,2.6,3.9
1382,2,6,7.0,2.35,2.8
1383,2,6,7.0,2.37,3.11
1384,3,10,12.0,2.6,3.9
1385,2,6,6.7,2.15,2.55
1386,3,10,10.25,2.6,3.66
1387,2,,7.0,2.42,3.27
1388,3,10,9.7,2.55,3.75
1389,2,6,9.4,2.5,3.1
1390,4,12,8.85,2.5,3.55
1391,3,10,10.8,2.6,3.1
1392,4,12,10.35,2.6,3.55
1393,3,10,10.49,2.6,3.675
1394,3,10,8.49,2.6,3.69
1395,3,10,10.925,2.6,4.05
1396,3,10,12.8,2.6,3.8
1397,3,10,10.68,2.6,4.0
1398,2,6,6.7,2.2,2.8
1399,2,6,7.0,2.34,2.8
1400,2,6,8.59,2.6,3.3
1401,3,10,9.3,2.6,4.1
1402,2,6,7.0,2.44,3.1
1403,2,6,7.62,2.42,2.97
1404,2,6,8.85,2.5,3.1
1405,3,10,10.75,2.55,3.55
1406,2,6,9.05,2.6,3.15
1407,3,10,9.45,2.6,3.55
1408,3,10,9.8,2.6,3.8
1409,3,6,6.817,2.5,3.948
1410,2,,9.6,2.6,3.6
1411,2,6,7.0,2.36,3.1
1412,2,6,6.44,2.21,2.85
1413,3,10,10.7,2.6,3.6
1414,3,10,10.9,2.6,3.9
1415,2,6,7.6,2.45,3.25
1416,4,12,10.5,2.6,3.55
1417,3,10,10.29,2.6,3.9
1418,2,6,7.2,2.4,3.0
1419,2,6,7.1,2.33,3.1
1420,2,6,6.44,2.21,2.2
1421,2,6,6.5,2.21,2.47
1422,2,6,6.6,2.3,2.97
1423,2,6,6.44,2.21,2.46
1424,2,6,6.44,2.21,2.28
1425,2,6,7.35,2.31,3.21
1426,4,12,10.69,2.6,3.5
1427,3,10,10.6,2.6,3.9
1428,3,10,9.5,2.6,3.65
1429,3,10,10.8,2.6,3.5
1430,3,10,10.35,2.6,3.7
1431,2,6,7.05,2.32,3.35
1432,2,6,7.35,2.6,4.35
1433,2,6,6.47,2.21,2.46
1434,2,6,6.75,2.25,3.0
1435,2,6,6.44,2.21,2.47
1436,3,10,10.745,2.6,3.97
1437,2,6,7.35,2.35,3.37
1438,2,6,7.9,2.45,2.9
1439,2,6,7.6,2.21,3.1
1440,2,6,6.44,2.1,3.0
1441,2,6,7.25,2.3,3.1
1442,2,6,6.5,2.56,2.5
1443,2,6,6.8,2.5,2.85
1444,2,,7.1,2.35,3.1
1445,4,14,11.8,2.6,3.5
1446,4,14,11.9,2.6,3.65
1447,4,12,8.0,2.6,3.45
1448,4,12,8.5,2.5,3.4
1449,4,12,11.3,2.6,3.58
1450,4,12,11.7,2.6,3.8
1451,2,6,6.5,2.56,2.47
1452,3,,9.9,2.6,3.6
1453,4,12,12.6,2.6,4.1
1454,2,6,6.44,2.21,3.04
1455,2,6,6.44,2.6,3.04
1456,2,6,9.4,2.2,3.1
1457,2,,7.13,2.4,3.31
1458,4,12,8.67,2.6,3.73
1459,4,12,11.5,2.6,3.7
1460,3,10,8.9,2.6,4.05
1461,3,10,9.14,2.6,4.0
1462,3,10,8.9,2.6,3.98
1463,3,10,10.66,2.5,4.1
1464,3,10,10.4,2.6,3.55
1465,3,10,8.8,2.6,3.8
1466,2,6,6.13,2.2,3.2
1467,2,6,7.4,2.4,3.35
1468,2,6,6.4,2.37,3.4
1469,2,6,8.7,2.46,3.95
1470,2,6,7.1,2.42,3.3
1471,2,6,7.4,2.42,3.33
1472,2,6,6.77,2.42,3.36
1473,4,,8.67,2.6,3.655
1474,2,6,6.05,2.486,2.747
1475,4,12,11.0,2.6,3.8
1476,2,6,8.5,2.32,2.75
1477,2,6,7.0,2.5,3.1
1478,2,6,7.55,2.42,2.47
1479,4,14,7.507,2.55,3.748
1480,2,,6.5,2.3,2.1
1481,2,6,6.75,2.55,2.9
1482,3,,11.0,2.55,4.1
1483,2,6,7.76,2.4,3.15
1484,3,10,11.13,2.5,4.0
1485,2,,6.44,2.4,2.47
1486,2,6,5.0,2.3,1.9
1487,2,6,7.1,2.32,3.1
1488,2,6,6.75,2.5,3.3
1489,3,10,10.15,2.55,3.8
1490,3,10,11.92,2.5,4.0
1491,2,6,6.5,2.3,2.46
1492,2,,7.2,2.3,2.35
1493,2,6,7.0,2.3,3.15
1494,4,12,10.95,2.6,3.92
1495,2,6,11.3,2.6,4.1
1496,2,6,8.5,2.6,3.43
1497,3,,9.59,2.49,3.56
1498,3,10,10.86,2.6,3.8
1499,2,6,7.4,2.25,3.2
1500,3,10,11.0,2.6,3.55
1501,2,6,7.4,2.5,3.15
1502,3,10,11.2,2.5,3.9
1503,2,6,6.5,2.35,2.46
1504,2,6,7.24,2.31,3.02
1505,2,6,6.44,2.4,2.47
1506,2,6,7.65,2.36,3.7
1507,2,6,7.25,2.2,3.2
1508,2,6,8.12,2.4,3.2
1509,2,6,7.4,2.4,3.2
1510,3,10,10.4,2.6,3.5
1511,2,6,7.35,2.4,3.3
1512,3,10,12.06,2.5,4.0
1513,2,,7.1,2.15,3.1
1514,2,6,7.45,2.3,3.45
1515,2,6,7.14,2.2,3.05
1516,2,6,7.25,2.3,3.85
1517,2,,6.61,2.21,2.8
1518,2,6,7.4,2.3,3.5
1519,2,,6.44,2.21,3.11
1520,2,6,6.95,2.36,3.15
1521,2,6,7.45,2.35,3.2
1522,3,10,11.0,2.55,4.1
1523,2,6,7.4,2.27,3.54
1524,2,6,7.2,2.35,3.2
1525,2,6,6.5,2.27,2.3
1526,2,6,7.55,2.3,3.4
1527,2,6,7.4,2.2,3.2
1528,2,6,7.36,2.45,3.61
1529,2,6,7.1,2.2,2.5
1530,2,6,7.0,2.3,2.97
1531,2,6,8.05,2.35,3.15
1532,2,6,7.35,2.35,3.0
1533,3,10,10.9,2.6,3.67
1534,3,,7.79,2.6,3.45
1535,2,6,7.5,2.3,3.1
1536,2,,4.9,2.4,1.9
1537,2,6,6.87,2.44,3.0
1538,2,6,7.4,2.32,3.2
1539,2,4,4.45,1.95,2.65
1540,2,6,7.58,2.42,3.6
1541,2,6,7.2,2.2,2.8
1542,2,,5.01,2.0,2.65
1543,2,6,7.6,2.3,2.9
1544,2,4,5.8,2.05,2.45
1545,2,6,7.04,2.4,2.51
1546,3,10,10.8,2.6,2.9
1547,2,6,7.25,2.25,2.6
1548,2,6,5.95,2.35,3.48
1549,3,10,10.5,2.6,3.65
1550,2,,6.84,2.4,2.6
1551,3,10,12.21,2.6,4.1
1552,2,6,6.97,2.4,3.15
1553,4,12,11.2,2.6,3.8
1554,2,6,7.17,2.3,2.9
1555,2,6,8.5,2.4,3.5
1556,2,,7.17,2.3,2.9
1557,3,10,11.45,2.6,3.8
1558,2,6,7.55,2.4,2.9
1559,2,4,5.38,1.99,2.49
1560,2,6,6.8,2.4,3.4
1561,2,6,6.29,2.4,3.07
1562,2,6,6.9,2.36,3.15
1563,2,6,6.85,2.44,3.15
1564,2,6,7.2,2.15,2.5
1565,2,6,7.14,2.2,2.48
1566,2,6,7.18,2.3,2.77
1567,2,6,7.35,2.3,3.05
1568,2,6,6.9,2.35,3.12
1569,2,6,6.8,2.4,3.2
1570,2,6,7.57,2.3,3.14
1571,2,6,6.41,2.6,3.112
1572,2,,7.78,2.4,3.34
1573,2,6,9.55,2.6,3.525
1574,2,6,7.5,2.3,3.5
1575,2,6,6.96,2.36,3.25
1576,4,12,8.5,2.6,3.6
1577,2,6,8.93,2.6,3.94
1578,2,6,7.0,2.35,3.1
1579,2,6,6.8,2.4,3.33
1580,2,6,6.5,2.3,2.5
1581,2,6,6.72,2.37,3.18
1582,3,10,10.8,2.6,3.75
1583,3,10,9.5,2.5,3.3
1584,3,10,9.61,2.6,3.23
1585,2,6,6.8,2.4,3.31
1586,2,6,6.89,1.98,3.12
1587,2,6,7.8,2.35,2.8
1588,3,10,11.5,2.6,3.45
1589,3,10,8.48,2.6,3.653
1590,2,,6.44,2.21,2.7
1591,2,6,7.59,2.31,2.99
1592,3,12,13.7,2.47,3.5
1593,2,6,6.98,2.34,3.07
1594,2,6,7.4,2.43,3.5
1595,2,6,7.0,2.2,3.0
1596,2,6,7.4,2.4,2.5
1597,2,6,7.134,2.148,2.48
1598,2,6,7.4,2.3,3.4
1599,2,6,7.5,2.3,3.0
1600,2,,7.0,2.34,3.0
1601,2,6,11.6,2.6,3.55
1602,2,6,7.43,2.4,3.5
1603,2,6,6.44,2.21,2.4
1604,2,6,8.9,2.6,3.4
1605,2,6,6.605,2.2,3.42
1606,2,6,7.45,2.3,3.65
1607,2,6,6.8,2.37,2.81
1608,2,6,7.54,2.55,3.55
1609,2,6,7.7,2.6,4.08
1610,2,6,7.25,2.4,3.5
1611,2,6,7.6,2.2,3.2
1612,2,6,7.5,2.3,2.7
1613,2,6,7.5,2.52,3.45
1614,2,6,7.15,2.4,3.35
1615,2,6,7.0,2.27,2.7
1616,2,6,6.0,2.2,2.5
1617,2,6,9.3,2.6,4.0
1618,2,6,7.7,2.25,3.3
1619,2,6,7.25,2.15,2.6
1620,2,6,7.6,2.35,3.1
1621,2,6,7.19,2.25,3.22
1622,2,6,7.37,2.2,3.45
1623,2,6,12.0,2.5,3.5
1624,2,6,8.25,2.35,3.65
1625,2,6,9.2,2.5,4.0
1626,2,6,6.61,2.45,2.5
1627,2,6,7.1,2.3,2.42
1628,2,6,8.4,2.35,3.2
1629,2,6,8.3,2.3,3.3
1630,2,6,8.7,2.42,3.8
1631,2,6,8.4,2.58,3.85
1632,2,6,8.5,2.35,3.2
1633,2,6,8.0,2.3,3.2
1634,2,6,12.0,2.6,4.1
1635,2,6,8.4,2.32,3.1
1636,2,6,8.5,2.35,3.6
1637,2,6,8.65,2.3,3.3
1638,2,6,8.65,2.3,3.7
1639,2,6,8.2,2.36,3.7
1640,2,6,8.0,2.4,3.1
1641,2,6,8.161,2.42,2.98
1642,2,6,8.4,2.4,4.1
1643,2,6,8.25,2.4,3.7
1644,2,6,8.5,2.4,3.6
1645,2,6,8.26,2.33,3.55
1646,2,6,8.7,2.5,3.5
1647,2,6,8.35,2.4,2.9
1648,2,6,8.8,2.4,3.65
1649,2,6,8.9,2.6,2.9
1650,2,6,7.3,2.35,3.3
1651,2,6,6.44,2.21,2.41
1652,2,,6.72,2.37,3.18
1653,2,6,8.0,2.25,3.3
1654,2,6,7.36,2.35,2.72
1655,2,6,6.75,2.3,3.2
1656,2,6,7.9,2.4,3.1
1657,4,12,12.17,2.6,4.6
1658,2,6,8.35,2.36,3.25
1659,2,6,7.73,2.26,3.29
1660,4,12,11.5,2.6,3.95
1661,2,6,7.0,2.4,3.4
1662,2,6,6.85,2.5,2.6
1663,2,6,8.11,2.15,3.05
1664,2,6,8.85,2.45,3.3
1665,2,6,8.25,2.2,2.48
1666,2,6,8.61,2.4,4.1
1667,2,6,7.73,2.4,3.75
1668,2,6,6.4,2.2,2.53
1669,2,6,6.9,2.11,2.54
1670,2,6,7.55,2.37,3.46
1671,2,6,6.76,2.26,2.4
1672,2,6,7.1,2.43,3.31
1673,2,6,8.4,2.4,3.4
1674,2,6,8.4,2.35,3.4
1675,2,6,7.97,2.28,3.4
1676,2,6,8.45,2.2,3.1
1677,2,6,8.1,2.3,3.45
1678,2,6,8.2,2.25,3.15
1679,2,6,8.05,2.4,3.4
1680,2,,8.1,2.35,2.55
1681,2,6,8.3,2.4,2.9
1682,2,6,8.3,2.5,3.6
1683,3,6,7.34,2.55,4.0
1684,2,6,6.65,2.33,3.35
1685,2,6,7.45,2.28,3.56
1686,2,6,8.6,2.6,3.3
1687,2,6,8.1,2.15,3.7
1688,2,6,8.55,2.43,2.48
1689,2,6,8.35,2.35,3.5
1690,2,6,8.2,2.26,3.05
1691,2,6,8.8,2.4,3.85
1692,2,6,8.0,2.4,2.65
1693,2,6,8.45,2.45,3.5
1694,2,6,8.25,2.4,3.4
1695,2,6,9.5,2.6,3.5
1696,2,6,8.2,2.2,2.5
1697,2,6,8.25,2.3,3.1
1698,2,6,8.1,2.4,3.15
1699,2,6,8.2,2.45,3.2
1700,2,6,8.5,2.4,2.9
1701,2,6,9.0,2.4,3.5
1702,2,6,8.15,2.4,3.3
1703,2,6,8.65,2.45,3.85
1704,2,6,8.361,2.4,3.7
1705,2,6,8.15,2.3,3.4
1706,2,6,8.55,2.6,3.745
1707,2,6,8.73,2.42,2.6
1708,2,6,7.5,2.35,2.6
1709,2,6,8.5,2.45,4.0
1710,2,6,8.4,2.3,2.83
1711,2,6,8.65,2.35,3.8
1712,2,6,8.2,2.4,3.2
1713,2,4,8.13,2.25,2.76
1714,2,6,8.2,2.4,3.3
1715,2,6,9.6,2.34,3.7
1716,2,6,8.7,2.35,3.6
1717,2,6,8.2,2.3,3.3
1718,2,6,8.2,2.3,2.7
1719,3,10,11.7,2.6,3.67
1720,3,10,8.28,2.5,3.638
1721,2,6,8.3,2.4,3.84
1722,2,6,8.3,2.4,3.4
1723,2,6,6.5,2.21,2.7
1724,2,6,6.65,2.45,2.85
1725,2,6,7.2,2.2,3.4
1726,2,6,7.3,2.3,3.4
1727,2,6,6.9,2.3,3.5
1728,2,6,6.8,2.34,3.1
1729,2,6,6.53,2.35,2.44
1730,2,6,7.2,2.27,3.15
1731,2,6,7.32,2.53,3.45
1732,2,6,7.3,2.2,3.45
1733,2,6,7.2,2.18,3.2
1734,2,6,7.1,2.34,3.44
1735,2,6,7.35,2.27,3.08
1736,2,6,7.18,2.26,3.0
1737,2,6,6.9,2.4,2.55
1738,2,6,7.36,2.25,3.45
1739,2,6,6.25,2.28,2.45
1740,2,6,7.95,2.48,3.47
1741,2,6,7.2,2.46,3.3
1742,2,6,7.2,2.3,2.6
1743,2,6,7.7,2.46,3.6
1744,2,6,7.4,2.4,3.45
1745,2,6,7.5,2.3,2.48
1746,2,,7.32,2.21,3.02
1747,2,6,6.55,2.24,2.92
1748,2,6,7.2,2.49,3.45
1749,2,6,7.4,2.31,3.2
1750,2,6,6.9,2.3,3.1
1751,2,6,7.35,2.55,3.2
1752,2,6,6.9,2.4,2.9
1753,2,6,7.3,2.42,3.05
1754,2,6,7.4,2.3,2.72
1755,2,6,7.21,2.47,3.5
1756,2,6,7.7,2.25,3.15
1757,2,6,6.9,2.4,3.5
1758,2,6,7.25,2.34,2.55
1759,2,6,7.26,2.58,3.05
1760,2,6,7.1,2.3,2.64
1761,2,6,7.49,2.35,3.05
1762,2,6,7.1,2.33,3.06
1763,2,6,7.14,2.4,3.48
1764,2,6,6.82,2.2,2.92
1765,2,6,7.2,2.3,3.2
1766,2,6,7.13,2.3,2.63
1767,2,6,7.0,2.2,3.2
1768,2,6,7.1,2.4,3.2
1769,2,6,7.3,2.35,2.5
1770,2,4,4.55,2.1,2.67
1771,2,,5.44,2.17,2.8
1772,2,4,5.55,2.35,3.2
1773,2,6,7.32,2.53,3.75
1774,2,6,6.95,2.4,3.5
1775,2,6,6.2,2.22,2.47
1776,3,10,6.39,2.5,3.62
1777,2,6,7.07,2.33,3.55
1778,2,6,7.13,2.14,2.48
1779,4,12,8.62,2.6,3.69
1780,2,6,7.19,2.2,2.93
1781,2,6,7.4,2.4,3.32
1782,2,6,7.2,2.15,2.9
1783,4,12,7.09,2.5,3.24
1784,2,6,6.35,2.6,3.0
1785,2,6,7.28,2.52,3.55
1786,2,,6.8,2.4,1.6
1787,2,,7.15,2.43,3.44
1788,2,6,7.15,2.4,3.05
1789,3,10,9.342,2.5,3.62
1790,2,6,5.89,2.1,2.24
1791,2,6,7.5,2.35,3.3
1792,2,6,7.3,2.35,3.15
1793,2,6,7.25,2.4,3.4
1794,2,6,7.4,2.3,3.3
1795,2,6,6.7,2.1,2.54
1796,4,,8.6,2.6,3.3
1797,4,12,10.8,2.6,3.7
1798,3,10,10.7,2.6,3.2
1799,3,,11.5,2.6,3.9
1800,4,12,12.51,2.6,4.1
1801,3,10,10.0,2.55,3.2
1802,2,,6.0,2.4,3.1
1803,2,4,6.35,2.4,2.8
1804,2,6,6.0,2.14,2.47
1805,2,6,5.88,2.44,2.44
1806,2,6,9.75,2.6,3.43
1807,2,6,7.85,2.35,3.3
1808,2,6,7.34,2.45,3.43
1809,2,6,7.15,2.15,2.85
1810,2,6,7.25,2.4,4.08
1811,2,,6.0,2.4,0.0
1812,2,6,7.4,2.5,3.4
1813,2,6,7.41,2.38,3.3
1814,2,6,7.34,2.43,3.45
1815,2,,7.34,2.45,3.45
1816,2,6,7.36,2.3,3.18
1817,2,6,8.49,2.5,3.78
1818,2,6,8.6,2.45,3.62
1819,2,6,5.25,2.16,2.4
1820,2,6,8.6,2.5,3.45
1821,2,4,6.8,2.4,2.7
1822,2,4,6.19,2.34,2.97
1823,2,4,6.4,2.5,3.16
1824,2,6,7.4,2.2,2.5
1825,2,,6.5,2.39,2.8
1826,2,4,6.05,2.3,3.2
1827,2,6,7.25,2.25,2.51
1828,2,4,7.18,2.39,3.7
1829,2,6,8.7,2.2,3.45
1830,2,6,7.23,2.4,3.95
1831,2,6,7.3,2.4,3.5
1832,2,6,8.35,2.6,3.75
1833,4,12,11.9,2.6,3.95
1834,3,10,11.1,2.6,3.4
1835,3,10,12.0,2.5,3.7
1836,3,10,11.6,2.6,3.9
1837,3,10,9.6,2.6,3.5
1838,2,6,7.85,2.35,3.44
1839,2,4,4.92,1.9,2.0
1840,3,10,6.9,2.6,3.6
1841,2,6,7.85,2.39,3.51
1842,2,6,7.8,2.35,3.3
1843,2,6,7.3,2.2,2.95
1844,2,6,8.5,2.4,2.6
1845,4,12,11.4,2.6,3.5
1846,2,6,5.25,2.16,1.81
1847,3,10,8.845,2.6,3.17
1848,4,12,11.5,2.6,3.4
1849,3,10,10.0,2.6,3.8
1850,2,,6.7,2.5,3.4
1851,3,10,10.28,2.5,3.8
1852,3,10,10.0,2.59,3.9
1853,3,10,10.15,2.5,3.5
1854,3,10,10.2,2.59,3.9
1855,3,10,10.0,2.4,3.9
1856,2,,8.0,2.25,3.12
1857,2,6,8.5,2.6,3.85
1858,2,6,7.55,2.23,3.28
1859,2,6,7.4,2.2,3.4
1860,3,10,11.55,2.6,3.45
1861,2,6,7.92,2.3,3.25
1862,2,,7.58,2.28,3.01
1863,2,6,9.7,2.6,3.7
1864,2,6,7.0,2.2,2.55
1865,2,6,7.38,2.43,3.69
1866,2,6,7.7,2.49,2.8
1867,2,6,5.25,2.17,1.81
1868,2,,7.2,2.4,3.2
1869,2,6,7.17,2.2,2.48
1870,2,,7.17,2.2,2.48
1871,4,12,7.75,2.607,3.424
1872,2,6,6.45,2.39,3.0
1873,2,6,5.88,2.16,2.23
1874,4,12,8.39,2.6,3.29
1875,4,12,8.96,2.56,3.93
1876,2,6,7.2,2.44,3.4
1877,2,,7.2,2.44,3.4
1878,2,6,7.934,2.176,2.3
1879,2,6,7.93,2.17,2.3
1880,2,,7.0,2.2,2.9
1881,3,10,8.16,2.6,3.4
1882,2,6,8.9,2.4,3.7
1883,3,10,10.18,2.5,3.8
1884,3,8,11.3,2.6,3.8
1885,4,12,8.7,2.6,3.75
1886,4,12,8.8,2.6,3.53
1887,2,6,8.0,2.25,3.1
1888,2,6,8.0,2.3,3.35
1889,2,6,8.3,2.35,3.4
1890,2,6,7.2,2.5,3.65
1891,2,6,7.3,2.2,3.65
1892,4,12,11.8,2.6,3.8
1893,2,6,7.22,2.3,3.2
1894,2,6,8.2,2.3,3.4
1895,2,6,6.51,2.35,2.7
1896,2,6,9.893,2.6,3.81
1897,3,10,10.55,2.6,3.45
1898,2,6,9.43,2.5,3.7
1899,2,6,8.0,2.45,3.5
1900,4,12,8.54,2.6,3.33
1901,2,6,8.6,2.5,3.75
1902,4,12,8.51,2.6,3.4
1903,4,12,8.49,2.6,3.69
1904,2,6,7.15,2.34,3.46
1905,2,,6.4,2.3,2.7
1906,2,6,7.2,2.36,2.74
1907,2,6,8.0,2.45,2.55
1908,2,6,6.95,2.2,3.0
1909,2,6,8.0,2.35,3.3
1910,2,6,7.95,2.5,3.25
1911,2,6,8.0,2.3,3.7
1912,2,6,8.45,2.3,3.5
1913,2,6,7.9,2.4,3.0
1914,2,6,7.2,2.3,3.6
1915,2,6,7.934,2.176,2.8
1916,2,6,8.15,2.28,2.7
1917,2,6,8.5,2.43,2.6
1918,2,6,7.6,2.3,3.5
1919,2,6,7.2,2.3,3.51
1920,2,6,7.26,2.4,3.605
1921,2,6,7.6,2.5,3.4
1922,2,6,7.55,2.4,3.15
1923,2,6,9.25,2.55,2.6
1924,2,6,7.22,2.4,3.61
1925,2,6,8.05,2.25,2.68
1926,2,6,7.43,2.4,2.78
1927,2,6,7.43,2.4,3.28
1928,3,10,10.745,2.5,3.4
1929,3,10,9.9,2.5,3.98
1930,3,6,9.9,2.5,3.9
1931,3,10,7.6,2.5,3.3
1932,2,6,9.1,2.5,3.75
1933,3,10,9.8,2.5,3.85
1934,3,10,11.0,2.5,3.98
1935,3,10,10.1,2.5,3.6
1936,3,10,9.55,2.55,3.8
1937,3,10,10.23,2.5,3.83
1938,3,10,8.25,2.55,3.3
1939,2,6,7.45,2.2,3.0
1940,2,6,10.2,2.6,3.6
1941,3,10,8.1,2.55,3.41
1942,3,,7.89,2.5,3.24
1943,3,10,10.641,2.486,3.2
1944,3,10,11.1,2.6,3.9
1945,2,6,5.63,2.1,2.24
1946,2,6,7.2,2.6,3.47
1947,4,12,8.57,2.53,3.52
1948,2,6,7.4,2.35,3.35
1949,3,10,11.39,2.6,4.0
1950,3,10,9.4,2.5,3.4
1951,4,12,8.64,2.6,3.365
1952,4,12,8.67,2.6,3.7
1953,2,6,7.2,2.2,3.2
1954,2,6,10.0,2.4,2.7
1955,3,10,10.9,2.7,3.8
1956,3,,9.99,2.6,3.5
1957,3,,8.25,2.25,3.3
1958,2,6,7.17,2.4,3.63
1959,2,6,7.1,2.45,3.25
1960,2,6,7.47,2.45,3.1
1961,4,12,8.42,2.6,3.45
1962,2,6,7.68,2.15,2.5
1963,2,6,8.5,2.34,3.5
1964,3,10,8.6,2.84,3.65
1965,4,12,8.691,2.6,2.75
1966,3,10,7.73,2.49,1.99
1967,2,6,7.3,2.45,3.2
1968,2,6,5.25,2.17,2.4
1969,2,6,8.1,2.4,3.6
1970,2,6,7.45,2.3,3.1
1971,3,10,8.75,2.49,3.09
1972,2,6,7.31,2.4,3.33
1973,3,,7.3,2.49,1.99
1974,2,6,7.15,2.5,3.16
1975,4,12,8.78,2.6,3.785
1976,2,6,7.25,2.3,3.0
1977,3,,7.5,2.6,3.3
1978,4,12,11.1,2.6,3.8
1979,2,6,7.9,2.3,3.7
1980,2,6,6.8,2.0,2.8
1981,2,6,9.19,2.6,3.37
1982,2,6,9.2,2.6,3.8
1983,2,6,11.5,2.55,3.65
1984,2,6,9.2,2.5,3.8
1985,4,12,8.7,2.6,3.8
1986,4,,8.6,2.6,3.55
1987,3,10,11.8,2.6,3.2
1988,4,12,11.65,2.6,4.05
1989,2,6,7.3,2.2,2.6
1990,2,6,7.3,2.25,2.68
1991,3,10,9.7,2.6,3.7
1992,3,10,11.5,2.6,4.0
1993,3,10,10.4,2.5,3.7
1994,4,12,11.2,2.6,3.9
1995,2,6,5.9,2.02,2.9
1996,4,12,8.38,2.6,3.59
1997,2,6,6.15,2.176,2.55
1998,2,6,7.6,2.3,3.14
1999,2,6,7.95,2.3,3.5
2000,2,6,8.165,2.3,3.56
2001,2,6,7.55,2.47,3.85
2002,2,6,8.434,2.35,3.2
2003,2,6,7.32,3.32,2.35
2004,2,6,7.13,2.5,2.4
2005,2,6,7.33,2.55,3.2
2006,2,6,7.5,2.2,3.2
2007,2,6,7.32,2.35,3.32
2008,2,6,7.7,2.6,3.6
2009,2,,5.91,1.99,2.71
2010,2,6,9.4,2.59,3.8
2011,2,6,5.92,2.14,2.31
2012,4,12,8.65,2.54,3.4
2013,4,12,8.62,2.6,3.66
2014,3,10,11.0,2.6,3.95
2015,3,10,9.3,2.6,3.25
2016,3,10,9.45,2.49,2.94
2017,3,10,9.9,2.6,3.2
2018,2,6,7.5,2.6,3.4
2019,2,6,7.4,2.45,3.3
2020,2,6,9.8,2.6,4.1
2021,2,6,5.79,2.12,2.34
2022,2,6,7.35,2.176,3.15
2023,2,6,7.3,2.42,2.48
2024,2,6,8.75,2.5,2.98
2025,2,6,7.4,2.3,3.35
2026,2,6,6.85,2.48,2.95
2027,4,12,9.2,2.6,3.5
2028,2,6,7.36,2.4,3.8
2029,2,4,5.91,1.99,2.71
2030,2,6,7.9,2.35,3.4
2031,2,4,5.91,1.993,2.716
2032,2,6,7.5,2.25,3.25
2033,3,10,9.75,2.52,3.0
2034,3,10,10.65,2.6,3.6
2035,4,12,11.8,2.6,4.09
2036,4,12,11.25,2.6,4.02
2037,4,14,13.2,2.6,4.1
2038,2,6,7.7,2.55,3.3
2039,2,,7.94,2.18,2.8
2040,2,,7.2,2.4,2.65
2041,2,6,7.581,2.582,3.978
2042,2,6,7.52,2.35,3.65
2043,2,6,7.94,2.28,3.2
2044,2,6,8.14,2.2,3.25
2045,2,6,7.1,2.25,2.6
2046,2,6,8.4,2.3,3.45
2047,2,6,9.0,2.5,3.8
2048,2,6,7.3,2.3,3.55
2049,2,6,7.23,2.4,3.12
2050,2,6,7.27,2.6,2.63
2051,2,6,7.15,2.42,3.05
2052,2,6,7.4,2.2,2.3
2053,2,6,5.53,2.1,2.24
2054,2,6,7.15,2.5,3.43
2055,2,6,5.96,2.02,2.58
2056,4,12,8.665,2.6,3.736
2057,3,10,8.03,2.48,3.0
2058,4,12,8.59,2.6,3.655
2059,2,6,7.71,2.42,2.85
2060,2,6,7.23,2.4,3.22
2061,3,10,7.5,2.2,3.2
2062,2,6,7.6,2.3,3.1
2063,4,12,9.07,2.6,3.696
2064,3,10,10.2,2.6,3.7
2065,2,6,7.134,2.176,2.48
2066,2,6,7.8,2.25,3.27
2067,2,6,7.8,2.35,3.45
2068,2,6,7.5,2.5,3.8
2069,2,6,7.42,2.47,3.55
2070,2,6,7.3,2.2,2.5
2071,2,4,5.91,1.993,2.753
2072,2,6,7.4,2.5,2.6
2073,2,,7.3,2.18,2.5
2074,2,6,7.3,2.18,2.5
2075,2,,7.3,2.4,3.81
2076,2,6,7.62,2.3,3.2
2077,2,6,5.92,1.14,2.31
2078,3,10,10.5,2.6,3.45
2079,4,12,12.1,2.6,3.8
2080,2,6,7.15,2.2,2.85
2081,2,6,7.22,2.2,2.65
2082,2,6,7.6,2.4,3.0
2083,2,6,7.2,2.4,3.3
2084,2,6,7.22,2.4,3.655
2085,2,6,7.2,2.3,3.4
2086,2,6,8.8,2.45,3.6
2087,2,6,10.0,2.6,4.1
2088,3,10,9.19,2.6,3.97
2089,3,10,13.0,2.6,4.1
2090,2,6,8.2,2.4,3.65
2091,2,6,6.6,2.2,2.44
2092,2,,6.5,2.4,2.2
2093,2,6,5.87,2.1,2.26
2094,2,6,7.4,2.17,3.0
2095,2,,6.9,2.5,2.75
2096,2,6,5.94,2.21,3.16
2097,2,6,6.2,2.4,2.6
2098,2,6,6.6,2.3,3.1
2099,2,6,6.45,2.3,2.95
2100,2,,6.5,2.5,2.95
2101,2,6,7.35,2.1,2.7
2102,2,6,7.3,2.2,2.48
2103,2,6,7.2,2.2,3.51
2104,2,6,6.7,2.0,2.2
2105,2,6,7.34,2.4,3.4
2106,2,6,6.3,2.2,2.6
2107,2,6,7.5,2.35,3.5
2108,2,4,5.926,1.993,2.652
2109,4,12,8.67,2.6,3.56
2110,2,6,7.2,2.3,3.1
2111,2,6,7.17,2.19,2.52
2112,2,6,8.3,2.4,3.5
2113,2,6,7.584,2.3,3.1
2114,3,10,9.31,2.6,4.0
2115,3,10,8.52,2.5,3.15
2116,2,6,7.73,2.35,3.45
2117,2,6,7.6,2.3,3.46
2118,2,6,7.5,2.3,3.4
2119,2,6,7.45,2.3,3.0
2120,2,6,8.2,2.3,3.2
2121,2,6,7.5,2.45,3.1
2122,2,6,5.9,2.45,2.5
2123,2,6,7.25,2.25,2.83
2124,3,10,12.641,2.6,3.6
2125,2,6,7.8,2.6,3.7
2126,2,6,7.4,2.38,3.45
2127,4,12,10.95,2.6,3.9
2128,2,6,7.7,2.35,3.0
2129,2,6,6.3,2.45,2.3
2130,3,10,11.3,2.6,3.1
2131,2,6,5.63,2.1,3.0
2132,4,12,11.3,2.6,3.9
2133,4,12,8.6,2.6,3.75
2134,4,12,11.5,2.6,3.905
2135,4,12,11.1,2.6,4.1
2136,2,6,9.56,2.49,2.5
2137,2,6,7.22,2.3,3.65
2138,2,6,7.22,2.4,3.6
2139,3,10,12.85,2.6,3.75
2140,2,6,7.1,2.5,3.55
2141,2,6,7.48,2.51,3.58
2142,2,6,7.1,2.4,2.6
2143,2,6,7.534,2.6,3.77
2144,2,6,10.092,2.5,4.05
2145,4,12,10.34,2.6,3.9
2146,2,6,6.52,2.3,3.085
2147,2,6,7.96,2.45,3.5
2148,2,6,7.6,2.25,3.6
2149,2,6,7.14,2.2,2.98
2150,2,6,7.6,2.3,3.28
2151,2,6,7.72,2.3,3.2
2152,2,6,6.0,2.4,3.7
2153,2,6,7.4,2.36,3.7
2154,2,6,9.35,2.56,3.66
2155,3,10,9.8,2.6,3.4
2156,2,6,7.4,2.3,3.36
2157,2,6,7.4,2.4,3.7
2158,2,6,7.55,2.4,3.4
2159,2,6,7.4,2.15,3.0
2160,2,6,7.3,2.3,3.1
2161,2,6,8.04,2.2,2.88
2162,2,6,7.78,2.6,2.6
2163,2,6,8.1,2.6,3.2
2164,2,6,7.9,2.45,3.25
2165,2,6,7.6,2.4,2.7
2166,2,6,7.91,2.6,3.2
2167,3,10,11.0,2.6,3.68
2168,2,6,9.1,2.6,3.8
2169,4,12,8.77,2.6,3.63
2170,3,10,12.35,2.6,4.1
2171,3,10,11.24,2.6,3.97
2172,3,10,11.25,2.6,3.5
2173,2,6,6.0,2.0,2.27
2174,2,6,7.16,2.2,3.45
2175,2,6,6.94,1.993,2.795
2176,2,6,5.6,1.95,2.3
2177,4,12,9.0,2.6,3.65
2178,2,6,7.9,2.45,3.15
2179,4,,8.44,2.6,3.83
2180,2,6,7.134,2.2,2.5
2181,2,6,7.2,2.3,2.9
2182,2,6,8.23,2.42,2.65
2183,2,6,8.3,2.4,3.45
2184,2,6,7.5,2.32,3.0
2185,4,12,9.38,2.6,4.0
2186,2,6,5.8,2.4,2.4
2187,4,12,8.9,2.6,3.7
2188,2,6,8.2,2.3,3.6
2189,2,6,5.8,2.0,2.3
2190,2,6,8.1,2.35,3.4
2191,4,12,8.523,2.6,3.226
2192,2,6,8.1,2.4,4.0
2193,2,6,7.22,2.35,3.22
2194,2,6,7.7,2.3,3.2
2195,2,6,7.7,2.4,3.4
2196,2,6,10.7,2.6,4.1
2197,2,6,6.0,2.5,3.1
2198,2,6,7.6,2.3,3.05
2199,2,6,8.21,2.41,2.45
2200,4,12,8.54,2.6,3.3
2201,2,6,6.134,2.148,2.48
2202,2,6,7.96,2.4,3.58
2203,2,6,9.6,2.6,4.1
2204,4,12,10.53,2.6,3.85
2205,2,6,8.1,2.25,3.4
2206,4,12,11.2,2.6,3.6
2207,2,6,7.15,2.22,3.3
2208,2,6,8.55,2.45,2.95
2209,2,6,6.49,2.46,2.53
2210,2,6,9.2,2.2,3.45
2211,2,6,8.9,2.6,3.2
2212,2,6,8.0,2.35,3.2
2213,2,6,9.1,2.6,3.85
2214,2,6,12.15,2.6,4.1
2215,3,10,11.75,2.6,3.6
2216,2,6,9.0,2.5,3.7
2217,2,6,8.5,2.4,3.4
2218,2,6,8.2,2.4,3.45
2219,2,6,8.0,2.3,2.7
2220,2,6,8.5,2.3,4.1
2221,2,6,8.3,2.5,3.4
2222,2,6,8.1,2.4,3.35
2223,4,12,11.5,2.6,4.0
2224,3,,9.8,2.5,3.0
2225,3,10,9.46,2.5,2.95
2226,3,10,10.6,2.6,3.2
2227,2,6,8.26,2.44,3.55
2228,2,6,8.3,2.45,4.0
2229,2,6,8.3,2.35,3.5
2230,2,6,8.05,2.3,3.3
2231,2,6,8.0,2.5,3.4
2232,2,6,8.13,2.48,3.5
2233,2,6,11.8,2.6,4.1
2234,2,6,8.25,2.35,3.0
2235,2,6,7.26,2.32,2.55
2236,2,,7.25,2.215,2.623
2237,2,6,8.1,2.4,3.27
2238,2,6,8.0,2.3,3.0
2239,2,6,8.1,2.25,3.2
2240,2,6,8.061,2.4,3.405
2241,2,6,8.35,2.4,4.1
2242,2,6,8.59,2.55,2.792
2243,2,6,8.1,2.4,3.45
2244,2,6,8.3,2.5,3.5
2245,2,6,8.45,2.3,3.45
2246,2,6,8.3,2.45,3.41
2247,2,6,8.25,2.56,3.7
2248,2,6,8.09,2.4,3.57
2249,2,6,8.7,2.6,4.0
2250,2,6,8.34,2.268,2.695
2251,2,6,8.8,2.46,3.7
2252,2,6,8.85,2.4,3.9
2253,2,6,10.5,2.53,3.8
2254,2,6,8.5,2.2,2.8
2255,2,6,8.15,2.25,3.1
2256,2,6,8.3,2.4,3.67
2257,2,6,8.34,2.35,3.1
2258,2,6,8.5,2.4,4.1
2259,2,6,8.55,2.4,3.36
2260,2,6,7.964,2.148,2.494
2261,2,6,9.6,2.5,3.8
2262,2,6,8.1,2.56,3.2
2263,2,6,8.25,2.3,3.3
2264,2,6,8.2,2.3,3.1
2265,2,6,8.4,2.5,3.5
2266,2,6,8.3,2.45,3.15
2267,2,6,7.97,2.43,3.28
2268,2,6,8.0,2.55,3.3
2269,2,6,8.7,2.6,2.7
2270,2,6,7.811,2.25,3.2
2271,2,6,8.65,2.43,3.55
2272,2,6,8.7,2.4,3.2
2273,2,6,8.0,2.148,2.5
2274,2,6,7.22,2.2,2.85
2275,2,6,8.28,2.35,3.68
2276,2,6,8.5,2.5,3.4
2277,2,6,7.964,2.5,3.4
2278,2,6,8.2,2.55,3.75
2279,2,6,8.5,2.3,3.5
2280,2,6,8.5,2.2,2.9
2281,2,6,8.3,2.3,3.0
2282,2,6,8.7,2.27,3.4
2283,2,6,8.26,2.45,3.2
2284,2,6,6.3,2.2,2.55
2285,2,,6.5,2.21,2.21
2286,2,,6.5,2.42,2.64
2287,2,,7.3,2.49,2.75
2288,2,6,6.9,2.34,2.9
2289,2,6,6.5,2.5,3.0
2290,3,10,7.5,2.0,2.5
2291,3,10,6.5,1.8,2.5
2292,2,6,9.34,2.6,4.0
2293,2,6,7.0,2.0,0.0
2294,2,,5.34,1.85,2.01
2295,2,,6.84,2.2,2.4
2296,2,6,6.72,2.5,2.35
2297,2,6,6.75,2.3,2.36
2298,2,6,8.0,2.27,2.32
2299,2,6,4.8,2.12,2.3
2300,2,6,6.9,2.27,3.3
2301,2,6,8.13,2.21,3.46
2302,2,6,7.17,2.05,2.8
2303,2,6,7.16,2.1,2.8
2304,2,6,7.02,2.3,3.26
2305,2,6,7.45,2.3,3.28
2306,2,6,6.9,2.14,2.5
2307,2,6,7.15,2.26,2.9
2308,3,10,10.3,2.5,3.9
2309,3,10,10.81,2.5,3.85
2310,3,10,11.5,2.5,3.96
2311,3,10,10.3,2.5,3.8
2312,3,10,8.03,2.48,3.8
2313,4,12,8.545,2.6,3.655
2314,2,6,5.5,2.0,2.27
2315,3,10,10.9,2.6,3.75
2316,2,6,6.008,2.5,3.902
2317,2,6,9.5,2.55,3.7
2318,2,6,8.792,2.486,3.2
2319,2,6,9.354,2.6,3.766
2320,2,6,9.3,2.52,3.5
2321,2,6,9.25,2.6,3.25
2322,3,10,12.0,2.5,4.0
2323,3,10,11.46,2.5,3.97
2324,2,,9.83,2.6,3.4
2325,3,10,10.8,2.6,4.05
2326,3,10,10.85,2.6,3.8
2327,2,6,5.85,2.4,2.5
2328,3,6,10.822,2.5,3.587
2329,3,6,10.85,2.6,3.8
2330,3,10,10.829,2.5,3.587
2331,4,12,8.96,3.6,2.6
2332,2,,7.34,1.99,2.79
2333,3,10,11.8,2.6,4.052
2334,3,10,6.75,2.5,3.657
2335,3,10,6.75,2.5,3.964
2336,3,10,7.225,2.5,3.564
2337,3,10,10.79,2.6,4.08
2338,2,6,7.34,1.993,2.795
2339,3,6,6.75,2.5,3.964
2340,4,12,8.595,2.5,3.0
2341,4,12,11.5,2.6,3.344
2342,3,10,10.9,2.55,3.9
2343,3,10,10.6,2.5,3.8
2344,3,10,11.32,2.55,3.95
2345,3,10,11.22,2.5,4.0
2346,3,10,11.34,2.55,3.95
2347,4,12,12.3,2.6,4.62
2348,2,4,4.7,1.821,1.694
2349,3,10,7.0,2.55,3.4
2350,3,10,10.22,2.57,3.765
2351,3,10,10.17,2.57,3.765
2352,3,,7.73,2.5,3.34
2353,3,10,8.35,2.6,3.4
2354,3,10,7.8,2.5,3.51
2355,2,6,5.69,2.108,1.956
2356,3,10,7.3,2.47,3.5
2357,3,10,7.61,2.48,3.42
2358,3,10,7.8,2.6,3.7
2359,2,6,5.69,1.956,2.108
2360,3,,7.8,2.6,3.7
2361,3,10,7.69,2.5,3.65
2362,4,12,11.72,2.6,3.92
2363,3,10,11.1,2.6,3.7
2364,3,10,9.4,2.5,3.2
2365,4,12,8.5,2.6,3.64
2366,3,10,9.7,2.5,3.2
2367,3,10,10.54,2.6,3.65
2368,4,12,11.05,2.6,4.04
2369,3,10,11.4,2.6,3.85
2370,4,12,10.641,2.6,3.7
2371,3,10,11.33,2.6,3.17
2372,3,10,10.64,2.6,3.81
2373,3,10,11.2,2.6,3.5
2374,3,10,12.7,2.6,4.1
2375,4,12,11.07,2.6,3.55
2376,3,10,7.68,2.5,3.31
2377,3,10,6.82,2.49,3.48
2378,4,12,8.0,2.607,3.45
2379,4,12,11.5,2.6,3.96
2380,3,10,7.8,2.5,3.25
2381,3,,7.68,2.5,3.31
2382,3,10,9.8,2.6,4.0
2383,2,6,5.731,2.12,2.395
2384,3,10,10.555,2.49,3.525
2385,2,6,9.1,2.6,3.65
2386,2,6,5.0,2.0,3.0
2387,2,6,7.7,2.6,3.15
2388,3,10,10.9,2.6,3.77
2389,3,10,7.225,2.5,3.979
2390,4,12,9.1,2.6,3.73
2391,2,,5.38,1.99,2.49
2392,2,4,6.198,2.47,2.496
2393,2,4,6.198,2.07,2.496
2394,3,10,10.66,2.6,3.4
2395,3,10,10.1,2.6,3.65
2396,3,10,9.19,2.57,3.85
2397,3,10,7.55,2.6,3.18
2398,2,,10.55,2.55,3.85
2399,2,6,6.6,2.6,3.6
2400,3,10,10.35,2.6,3.8
2401,2,6,6.0,2.2,2.38
2402,4,12,8.5,2.6,3.54
2403,2,6,9.26,2.53,2.69
2404,3,10,12.42,2.6,4.1
2405,3,10,10.26,2.6,3.85
2406,4,12,11.4,2.6,3.6
2407,4,12,10.86,2.6,4.05
2408,2,6,9.17,2.55,2.95
2409,2,6,8.8,2.6,3.35
2410,2,6,8.97,2.41,2.88
2411,3,10,11.29,2.6,3.7
2412,2,6,9.0,2.6,3.7
2413,2,6,9.3,2.55,4.1
2414,2,6,9.1,2.6,3.7
2415,2,6,12.5,2.6,4.3
2416,2,6,7.0,2.5,3.55
2417,2,6,9.55,2.6,3.3
2418,2,6,8.0,2.5,3.2
2419,2,6,8.8,2.41,3.2
2420,2,6,10.575,2.6,4.1
2421,3,10,10.49,2.6,3.7
2422,2,6,9.55,2.6,3.5
2423,2,6,10.2,2.6,3.55
2424,2,6,8.792,2.6,3.56
2425,2,6,5.7,2.4,2.4
2426,2,6,9.0,2.6,3.4
2427,2,6,8.3,2.406,3.0
2428,3,10,11.15,2.6,3.95
2429,2,6,7.8,2.5,3.0
2430,2,6,8.8,2.43,3.0
2431,2,6,9.4,2.6,3.6
2432,2,6,9.2,2.6,3.1
2433,4,12,8.4,2.6,3.5
2434,2,6,8.5,2.6,3.4
2435,3,10,7.8,2.6,3.33
2436,2,6,11.04,2.6,4.1
2437,3,10,6.81,2.49,3.48
2438,3,10,8.13,2.49,3.48
2439,2,6,9.25,2.6,3.7
2440,4,12,8.55,2.6,3.3
2441,3,10,7.74,2.5,3.45
2442,3,10,7.84,2.6,2.75
2443,2,6,7.991,2.6,3.583
2444,2,6,7.4,2.4,2.47
2445,3,10,9.69,2.5,3.64
2446,2,6,8.08,2.46,3.35
2447,2,6,6.67,2.42,3.563
2448,3,10,7.66,2.55,3.4
2449,3,10,7.73,2.5,3.34
2450,2,6,5.75,2.4,2.4
2451,2,,9.0,2.5,3.0
2452,2,6,8.1,2.5,2.9
2453,4,12,8.67,2.6,3.72
2454,3,10,9.19,2.6,3.83
2455,2,6,12.4,2.6,4.1
2456,2,6,7.9,2.5,2.9
2457,2,6,5.73,2.2,2.5
2458,2,6,5.75,2.2,2.56
2459,2,6,6.9,2.43,3.57
2460,2,6,9.6,2.4,3.15
2461,2,6,6.72,2.2,2.98
2462,2,6,5.9,2.17,2.39
2463,2,6,9.65,2.6,3.35
2464,2,6,9.27,2.6,3.74
2465,2,6,9.95,2.6,3.1
2466,2,6,9.8,2.6,4.0
2467,2,6,9.4,2.6,3.65
2468,3,10,7.6,2.5,3.8
2469,4,12,9.1,2.6,3.5
2470,2,6,9.5,2.6,3.6
2471,2,6,8.8,2.6,3.1
2472,4,12,9.84,2.6,4.1
2473,2,6,8.99,2.55,2.7
2474,2,6,9.19,2.57,3.44
2475,2,6,9.7,2.6,3.2
2476,3,10,9.37,2.5,3.13
2477,2,,9.19,2.57,3.44
2478,2,6,9.15,2.6,4.1
2479,2,,8.8,2.5,2.9
2480,2,,9.13,2.6,3.9
2481,2,6,8.7,2.6,3.6
2482,3,10,8.2,2.5,3.25
2483,4,12,8.52,2.53,3.46
2484,2,6,8.78,2.6,3.1
2485,2,6,9.4,2.59,3.64
2486,3,10,9.2,2.5,2.8
2487,2,6,8.85,2.6,3.8
2488,2,,8.76,2.49,2.71
2489,4,12,11.6,2.6,3.71
2490,2,6,9.1,2.6,3.6
2491,2,6,9.1,2.4,4.0
2492,2,6,9.2,2.6,3.75
2493,2,6,8.2,2.57,3.75
2494,2,6,8.74,2.59,3.34
2495,2,6,8.11,2.55,2.7
2496,2,6,7.8,2.45,3.18
2497,2,6,8.76,2.53,3.03
2498,2,,8.7,2.43,2.65
2499,3,10,8.41,2.6,2.747
2500,3,10,9.1,2.6,3.4
2501,3,10,10.1,2.6,4.01
2502,3,,9.1,2.6,3.4
2503,4,14,12.3,2.6,3.7
2504,3,10,11.85,2.6,4.0
2505,3,10,10.55,2.6,3.5
2506,2,6,5.1,2.15,2.3
2507,2,6,11.6,2.6,4.1
2508,2,6,7.3,2.4,2.45
2509,3,10,8.5,2.48,2.9
2510,2,6,8.5,2.48,2.9
2511,3,10,7.45,2.48,2.95
2512,3,10,10.7,2.5,3.9
2513,3,10,8.9,2.45,3.2
2514,2,,7.2,2.5,2.7
2515,2,6,5.33,2.4,2.87
2516,2,6,9.6,2.55,3.6
2517,2,6,5.86,2.5,2.77
2518,3,10,10.35,2.6,3.85
2519,3,10,12.4,2.6,3.9
2520,3,10,10.0,2.54,3.6
2521,3,10,10.41,2.6,3.2
2522,2,6,10.2,2.6,3.35
2523,3,10,10.94,2.6,3.65
2524,2,6,8.932,2.4,3.5
2525,3,10,10.41,2.6,3.68
2526,3,10,9.3,2.55,3.9
2527,3,10,10.46,2.6,3.9
2528,2,6,7.0,2.58,3.5
2529,3,10,9.44,2.54,3.35
2530,3,10,9.46,2.58,3.5
2531,3,10,10.5,2.6,3.47
2532,3,10,10.54,2.6,2.75
2533,3,10,11.3,2.56,2.61
2534,3,10,8.79,2.6,3.3
2535,3,,10.35,2.6,3.75
2536,3,10,9.55,2.6,3.42
2537,3,10,10.6,2.6,4.1
2538,3,10,9.15,2.5,3.45
2539,3,10,9.2,2.5,3.4
2540,3,10,6.63,2.35,2.75
2541,3,10,11.9,2.6,2.7
2542,3,10,12.8,2.6,4.1
2543,3,10,9.15,2.6,3.7
2544,3,10,9.15,2.47,3.45
2545,3,10,10.0,2.6,3.65
2546,3,10,11.06,2.6,4.08
2547,3,10,11.9,2.6,3.2
2548,3,10,10.48,2.6,3.1
2549,3,6,9.8,2.6,3.9
2550,3,10,12.24,2.5,3.85
2551,3,10,9.69,2.43,3.33
2552,3,10,10.0,2.6,3.3
2553,2,6,7.0,2.5,2.8
2554,2,6,8.67,2.45,2.82
2555,2,6,7.0,2.6,2.3
2556,3,10,8.22,2.6,3.44
2557,3,10,8.27,2.6,3.931
2558,2,6,6.72,2.55,4.0
2559,2,6,9.5,2.6,3.2
2560,2,6,8.76,2.4,3.2
2561,4,12,8.4,2.6,3.04
2562,2,,8.03,2.45,3.52
2563,2,6,9.4,2.5,3.5
2564,3,10,8.71,2.5,3.25
2565,2,,8.67,2.6,2.68
2566,2,6,8.67,2.6,2.68
2567,3,10,7.47,2.6,3.7
2568,2,6,8.91,2.59,3.62
2569,3,10,8.2,2.6,3.69
2570,3,10,9.5,2.5,3.415
2571,3,10,8.8,2.56,2.96
2572,3,10,8.61,2.47,3.18
2573,2,6,10.36,2.6,4.1
2574,3,10,10.88,2.6,4.05
2575,3,10,10.36,2.5,4.1
2576,3,10,11.4,2.6,3.6
2577,2,6,8.74,2.4,2.86
2578,3,10,8.219,2.6,3.919
2579,3,10,7.7,2.5,3.37
2580,3,10,8.21,2.6,3.7
2581,3,10,8.87,2.5,4.1
2582,2,6,9.145,2.54,3.54
2583,2,6,9.08,2.6,3.57
2584,2,6,11.5,2.6,4.1
2585,3,10,8.35,2.575,3.61
2586,3,10,9.4,2.24,2.92
2587,3,10,10.95,2.6,3.4
2588,3,10,9.2,2.6,4.0
2589,3,10,9.45,2.5,3.4
2590,3,10,8.5,2.5,3.6
2591,3,10,9.1,2.6,3.3
2592,3,10,10.4,2.6,3.65
2593,3,10,8.7,2.5,3.6
2594,3,10,9.37,2.494,3.54
2595,3,,9.31,2.6,4.0
2596,3,10,9.46,2.5,3.45
2597,3,10,11.4,2.6,4.08
2598,2,6,9.44,2.4,3.18
2599,4,12,9.36,2.5,3.95
2600,3,10,8.15,2.52,3.83
2601,3,10,9.45,2.6,3.32
2602,3,10,10.43,2.55,3.36
2603,3,10,10.5,2.54,3.38
2604,3,10,8.23,2.6,3.45
2605,2,6,8.3,2.6,3.53
2606,4,12,8.88,2.6,3.575
2607,3,10,8.295,2.6,3.935
2608,3,10,8.285,2.6,3.934
2609,2,6,9.02,2.6,3.8
2610,3,10,8.2,2.6,3.49
2611,4,12,11.425,2.5,4.1
2612,2,6,8.98,2.6,4.17
2613,2,6,6.2,2.5,2.9
2614,4,12,8.03,2.48,3.8
2615,4,12,8.03,2.48,3.0
2616,2,6,7.75,2.45,2.8
2617,4,12,8.7,2.6,3.54
2618,3,10,7.61,2.5,3.41
2619,2,6,9.6,2.6,3.9
2620,3,,7.74,2.5,3.45
2621,3,10,11.6,2.6,3.85
2622,3,10,8.242,2.6,3.934
2623,2,6,8.8,2.55,3.65
2624,3,10,9.2,2.6,3.85
2625,3,10,8.21,2.6,3.68
2626,3,10,8.0,2.6,3.45
2627,3,10,7.74,2.5,3.34
2628,2,6,9.05,2.6,4.0
2629,2,,7.7,2.55,3.0
2630,3,10,7.74,2.5,2.34
2631,2,6,9.2,2.5,3.3
2632,2,6,8.73,2.44,3.13
2633,3,10,8.25,2.6,3.7
2634,3,10,7.85,2.5,3.5
2635,2,6,9.35,2.6,4.1
2636,2,6,9.09,2.49,3.6
2637,3,10,8.9,2.6,4.1
2638,3,10,8.43,2.5,4.12
2639,2,6,8.5,2.494,3.3
2640,2,,10.0,2.2,3.2
2641,2,6,9.0,2.56,4.0
2642,2,6,9.0,2.45,2.68
2643,2,6,9.24,2.56,3.18
2644,3,10,8.52,2.6,4.1
2645,2,6,8.6,2.45,4.1
2646,2,6,8.77,2.45,2.85
2647,3,10,10.3,2.6,4.0
2648,3,10,10.7,2.6,3.4
2649,2,6,9.15,2.6,3.85
2650,3,10,8.6,2.6,3.7
2651,3,10,8.0,2.6,3.4
2652,2,6,6.72,2.55,3.85
2653,4,12,11.54,2.6,3.9
2654,2,6,8.75,2.5,3.3
2655,3,10,8.2,2.6,3.68
2656,2,6,6.7,2.5,2.93
2657,3,10,10.05,2.6,2.7
2658,2,6,8.85,2.44,3.8
2659,2,6,9.05,2.58,2.95
2660,2,6,9.8,2.52,3.6
2661,2,6,9.2,2.6,3.72
2662,2,,9.1,2.6,3.6
2663,2,6,9.05,2.58,3.6
2664,3,10,11.0,2.6,3.75
2665,3,10,10.52,2.6,3.22
2666,3,10,8.25,2.575,3.61
2667,4,12,9.95,2.6,3.6
2668,3,10,9.8,2.6,4.1
2669,3,10,10.3,2.5,3.68
2670,3,10,9.8,2.5,3.2
2671,2,6,9.8,2.5,3.5
2672,2,6,9.3,2.55,3.3
2673,2,6,9.5,2.55,4.1
2674,2,6,7.1,2.5,3.25
2675,2,6,7.1,2.4,3.36
2676,2,6,8.35,2.44,2.68
2677,2,6,9.4,2.52,3.85
2678,2,6,6.3,2.5,2.95
2679,2,6,8.67,2.44,2.68
2680,2,6,7.7,2.54,3.45
2681,3,10,10.4,2.6,4.09
2682,3,10,10.84,2.6,4.06
2683,2,6,8.73,2.6,3.51
2684,2,6,9.2,2.45,3.3
2685,2,6,9.3,2.44,2.68
2686,2,6,9.55,2.58,3.55
2687,2,6,9.4,2.6,3.3
2688,2,6,6.45,2.35,2.85
2689,2,6,8.67,2.44,3.56
2690,2,6,8.67,2.45,2.65
2691,3,10,10.5,2.5,3.9
2692,2,6,7.73,2.6,3.35
2693,4,12,10.0,2.6,3.6
2694,3,10,8.97,2.6,4.1
2695,3,10,8.23,2.6,3.47
2696,2,6,6.08,2.43,2.78
2697,3,10,9.1,2.6,4.1
2698,3,10,7.82,2.6,2.98
2699,3,10,8.12,2.58,3.38
2700,2,6,7.0,2.5,3.15
2701,2,6,9.2,2.6,3.3
2702,3,10,7.85,2.5,3.455
2703,3,10,9.7,2.5,3.0
2704,2,6,7.58,2.44,2.89
2705,2,,9.9,2.6,3.77
2706,2,6,9.6,2.5,3.88
2707,3,10,7.617,2.5,3.415
2708,2,6,9.3,2.6,3.25
2709,4,14,11.4,2.6,3.2
2710,4,12,12.5,2.69,4.3
2711,4,12,10.8,2.59,4.41
2712,3,10,9.3,2.6,3.6
2713,2,6,8.85,2.3,3.25
2714,2,6,8.7,2.41,3.3
2715,2,6,8.85,2.3,3.05
2716,3,10,9.57,2.5,2.6
2717,3,10,8.15,2.6,3.3
2718,2,6,8.9,2.6,3.45
2719,2,6,6.95,2.5,2.8
2720,3,,9.87,2.43,3.38
2721,3,10,9.88,2.45,2.68
2722,2,6,9.28,2.5,3.34
2723,3,10,8.1,2.5,3.55
2724,2,6,6.1,2.45,2.68
2725,2,6,9.45,2.55,3.55
2726,2,6,9.58,2.6,4.1
2727,3,10,8.3,2.6,3.8
2728,2,6,9.45,2.6,4.0
2729,2,6,6.5,2.45,2.8
2730,3,10,8.63,2.45,3.31
2731,2,6,7.581,2.582,3.916
2732,2,6,9.7,2.6,3.8
2733,3,10,7.75,2.52,3.55
2734,4,12,10.5,2.6,4.2
2735,3,10,8.234,2.6,3.935
2736,2,6,9.5,2.5,3.0
2737,3,10,8.21,2.6,3.66
2738,2,6,8.6,2.5,3.9
2739,2,6,9.05,2.54,3.8
2740,2,6,7.1,2.68,2.52
2741,3,10,10.4,2.6,3.14
2742,3,10,9.24,2.5,3.62
2743,2,6,10.3,2.55,3.5
2744,3,10,10.22,2.6,3.55
2745,2,6,8.87,2.68,2.52
2746,2,6,8.85,2.47,3.46
2747,4,12,9.1,2.6,3.9
2748,4,12,11.99,2.6,3.9
2749,4,12,12.0,2.6,4.0
2750,2,6,8.5,2.494,3.35
2751,4,12,8.8,2.6,3.95
2752,2,6,9.15,2.6,3.7
2753,2,,9.05,2.6,2.8
2754,3,,7.8,2.6,3.26
2755,2,6,8.7,2.6,3.8
2756,4,12,8.789,2.6,3.941
2757,2,6,9.53,2.6,3.46
2758,2,,8.2,2.44,3.34
2759,2,,8.67,2.45,3.07
2760,4,12,8.79,2.6,3.941
2761,4,12,8.798,2.6,3.941
2762,4,12,11.85,2.6,3.75
2763,2,6,9.9,2.6,3.86
2764,2,6,8.99,2.6,3.86
2765,4,12,11.691,2.6,3.398
2766,2,,8.8,2.6,3.25
2767,2,,7.46,2.6,3.7
2768,2,,8.65,2.4,2.87
2769,3,,10.1,2.44,3.7
2770,3,10,9.1,2.6,3.9
2771,3,10,10.1,2.44,3.7
2772,4,12,11.69,2.6,3.9
2773,3,10,8.47,2.55,3.85
2774,2,6,8.07,2.45,2.81
2775,3,10,12.41,2.6,4.1
2776,4,12,12.0,2.6,3.9
2777,3,10,10.2,2.6,3.52
2778,3,10,7.85,2.6,3.5
2779,3,10,10.02,2.6,3.83
2780,2,6,8.2,2.4,4.1
2781,3,10,9.8,2.6,3.7
2782,2,6,9.7,2.6,4.0
2783,2,6,9.4,2.5,2.85
2784,2,6,9.08,2.51,3.4
2785,2,6,8.7,2.5,3.25
2786,4,12,8.8,2.6,3.5
2787,3,10,8.1,2.55,3.42
2788,4,12,9.17,2.55,3.88
2789,2,6,9.8,2.6,3.3
2790,4,12,12.2,2.6,4.25
2791,4,12,11.99,2.6,3.72
2792,2,6,8.8,2.52,3.29
2793,2,6,8.95,2.45,3.4
2794,2,6,9.0,2.42,3.9
2795,2,6,8.4,2.45,3.0
2796,2,6,9.4,2.6,3.75
2797,2,6,6.1,2.48,2.85
2798,2,6,6.0,2.5,2.8
2799,3,10,7.52,2.48,2.79
2800,2,6,8.86,2.56,3.5
2801,4,12,10.7,2.6,3.2
2802,4,12,11.685,2.6,4.29
2803,2,,6.49,2.46,2.53
2804,2,6,8.6,2.52,3.2
2805,4,12,8.75,2.6,3.95
2806,4,12,11.46,2.6,3.995
2807,3,10,9.95,2.5,3.0
2808,3,10,10.1,2.6,3.1
2809,4,12,12.5,2.6,4.0
2810,3,10,9.5,2.55,3.85
2811,3,10,8.0,2.6,3.8
2812,3,10,6.867,2.495,3.483
2813,3,10,6.867,2.5,3.753
2814,3,10,6.817,2.495,3.481
2815,3,10,9.95,2.6,3.75
2816,3,10,9.45,2.55,3.85
2817,2,6,8.95,2.6,3.5
2818,2,6,8.92,2.6,3.5
2819,2,6,9.55,2.6,4.0
2820,3,10,9.72,2.6,3.02
2821,2,6,9.192,2.6,3.859
2822,2,6,8.7,2.6,3.3
2823,2,6,8.2,2.4,2.75
2824,2,6,8.792,2.5,3.4
2825,2,6,9.1,2.5,3.8
2826,2,6,10.0,2.6,3.8
2827,2,6,8.0,2.6,4.0
2828,2,6,9.3,2.5,3.6
2829,2,6,9.3,2.5,3.7
2830,2,,9.2,2.4,2.8
2831,2,6,9.0,2.41,3.4
2832,2,6,9.6,2.6,3.7
2833,2,6,8.8,2.41,3.4
2834,2,6,9.2,2.55,4.1
2835,3,10,7.66,2.55,3.32
2836,3,10,7.78,2.5,3.32
2837,3,10,10.25,2.5,3.2
2838,3,10,10.52,2.6,3.6
2839,3,10,7.5,2.5,2.75
2840,4,12,8.47,2.6,3.48
2841,3,10,9.4,2.6,3.8
2842,3,10,7.85,2.6,3.25
2843,4,12,8.2,2.55,3.94
2844,3,10,7.73,2.55,3.3
2845,4,12,11.537,2.6,3.926
2846,3,10,8.0,2.5,3.25
2847,3,10,10.7,2.5,4.1
2848,2,6,8.7,2.5,2.82
2849,3,10,8.65,2.4,3.65
2850,2,6,8.95,2.55,3.55
2851,2,6,8.7,2.55,3.35
2852,2,6,7.15,2.6,2.95
2853,2,6,8.6,2.55,3.5
2854,2,6,6.95,2.45,3.1
2855,2,6,8.82,2.48,3.32
2856,2,6,8.95,2.57,3.67
2857,2,6,8.95,2.6,3.94
2858,2,6,9.35,2.6,3.9
2859,2,6,9.44,2.6,3.78
2860,2,6,8.93,2.6,3.5
2861,3,10,10.3,2.6,4.03
2862,2,6,8.48,2.5,3.4
2863,2,6,9.15,2.6,3.02
2864,2,6,8.19,2.47,3.32
2865,2,6,9.0,2.6,3.6
2866,2,6,8.7,2.5,3.15
2867,2,,8.8,2.6,3.3
2868,3,10,8.67,2.44,2.68
2869,2,6,8.94,2.6,3.5
2870,3,10,11.5,2.6,4.05
2871,3,,7.1,2.45,3.35
2872,2,6,7.2,2.2,3.3
2873,2,,8.43,2.6,3.69
2874,2,6,8.65,3.05,3.02
2875,2,6,7.2,2.4,2.75
2876,2,6,9.38,2.6,3.4
2877,3,10,10.65,2.6,3.9
2878,3,10,13.1,2.6,3.2
2879,2,6,8.43,2.6,3.69
2880,2,6,10.5,2.6,3.5
2881,2,6,8.85,2.6,3.37
2882,2,6,8.84,2.6,3.87
2883,2,,9.45,2.6,3.4
2884,2,,7.2,2.45,3.0
2885,2,6,7.58,2.44,3.12
2886,2,6,5.7,2.45,2.85
2887,2,6,8.9,2.6,3.77
2888,2,6,9.1,2.5,3.58
2889,2,6,11.0,2.6,3.5
2890,2,6,9.2,2.5,3.85
2891,2,6,8.9,2.6,3.6
2892,2,6,8.95,2.45,2.7
2893,2,6,6.1,2.2,2.65
2894,3,10,11.6,2.6,3.4
2895,3,10,9.1,2.6,3.6
2896,3,10,9.37,2.6,3.45
2897,2,6,5.4,2.5,2.7
2898,2,6,9.4,2.53,3.92
2899,2,6,9.35,2.5,3.92
2900,2,6,9.1,2.57,3.82
2901,2,6,6.85,2.5,2.8
2902,3,10,10.7,2.55,2.6
2903,3,10,9.4,2.6,3.0
2904,2,6,8.36,2.42,3.58
2905,2,6,10.7,2.6,3.7
2906,3,10,9.7,2.6,3.9
2907,2,6,9.0,2.5,2.75
2908,3,10,10.28,2.56,3.85
2909,2,,7.0,2.5,3.35
2910,2,,7.18,2.6,3.2
2911,2,6,7.88,2.5,2.97
2912,2,,7.1,2.5,3.35
2913,2,6,8.25,2.55,3.6
2914,2,6,6.6,2.6,3.5
2915,3,10,9.15,2.5,3.5
2916,2,6,8.65,2.6,3.15
2917,2,6,9.92,2.59,3.96
2918,2,,8.73,2.42,2.71
2919,2,6,7.35,2.47,2.55
2920,2,,8.73,2.43,2.71
2921,2,6,9.9,2.6,3.5
2922,2,6,9.78,2.6,3.43
2923,2,6,6.27,2.4,2.76
2924,2,,10.44,2.6,3.65
2925,2,6,9.0,2.6,3.85
2926,2,6,8.73,2.42,2.71
2927,2,6,6.43,2.34,2.94
2928,2,6,5.3,2.5,2.45
2929,2,6,7.3,2.32,2.72
2930,2,6,8.76,2.6,3.1
2931,2,,7.73,2.45,3.4
2932,2,6,6.33,2.51,2.89
2933,2,6,6.45,2.45,3.15
2934,2,6,6.35,2.51,2.89
2935,3,10,9.2,2.5,3.45
2936,3,10,9.4,2.49,3.52
2937,3,10,9.38,2.54,3.52
2938,2,6,7.2,2.55,2.7
2939,2,6,10.35,2.5,3.6
2940,2,,6.8,2.58,3.77
2941,2,6,9.6,2.45,2.7
2942,2,6,6.6,2.4,3.3
2943,2,6,7.39,2.6,3.48
2944,2,6,8.5,2.56,3.3
2945,2,6,7.5,2.45,3.0
2946,2,6,9.2,2.6,3.65
2947,2,,6.85,2.6,2.7
2948,2,6,9.0,2.6,3.57
2949,3,10,10.5,2.6,2.7
2950,3,10,7.6,2.6,3.1
2951,2,6,8.2,2.52,3.0
2952,2,6,6.17,2.45,2.9
2953,3,,9.6,2.6,3.6
2954,2,6,6.2,2.45,2.65
2955,3,10,6.88,2.48,3.05
2956,4,12,13.4,2.6,4.1
2957,3,10,6.88,2.48,3.48
2958,2,6,6.4,2.48,3.48
2959,3,10,6.88,2.5,3.1
2960,3,10,8.7,2.5,3.7
2961,3,,8.8,2.53,3.6
2962,3,10,8.8,2.53,3.6
2963,3,10,6.86,2.49,3.48
2964,3,10,8.7,2.56,3.73
2965,3,10,8.72,2.54,3.73
2966,3,10,8.8,2.56,3.73
2967,3,10,8.76,2.54,3.7
2968,3,10,7.5,2.6,3.1
2969,3,10,8.95,2.48,3.68
2970,2,6,10.15,2.602,3.786
2971,3,10,11.56,2.49,4.1
2972,2,4,6.0,2.4,3.2
2973,3,10,8.08,2.58,3.31
2974,3,10,11.1,2.6,4.17
2975,2,6,10.0,2.5,3.7
2976,3,10,6.82,2.5,3.48
2977,2,6,9.8,2.6,3.6
2978,3,10,7.6,2.55,3.3
2979,3,12,11.5,2.6,4.1
2980,3,10,10.0,2.54,3.75
2981,3,10,10.17,2.5,3.59
2982,3,10,6.867,2.495,3.5
2983,3,10,6.817,2.495,3.483
2984,3,10,6.867,2.5,3.483
2985,3,10,7.8,2.47,3.31
2986,3,10,7.59,2.5,3.31
2987,3,10,9.9,2.4,3.4
2988,2,6,9.61,2.6,3.27
2989,3,10,7.7,2.45,3.5
2990,3,10,8.45,2.5,3.21
2991,3,,6.817,2.495,3.481
2992,3,10,8.73,2.47,3.2
2993,3,10,8.5,2.5,3.3
2994,3,,10.8,2.55,3.75
2995,3,10,10.8,2.55,3.75
2996,3,,8.3,2.6,3.53
2997,3,,8.53,2.6,3.5
2998,3,10,8.2,2.5,3.0
2999,3,10,7.9,2.55,3.5
3000,3,10,10.55,2.6,4.1
3001,3,,9.65,2.5,3.0
3002,3,10,8.25,2.6,3.57
3003,3,10,8.25,2.48,3.55
3004,3,10,11.0,2.55,3.54
3005,3,10,7.8,2.6,3.95
3006,3,,8.8,2.54,3.6
3007,3,10,7.0,2.5,2.91
3008,3,10,7.9,2.5,2.9
3009,3,10,11.0,2.6,3.57
3010,3,10,9.8,2.6,3.5
3011,3,10,8.4,2.6,2.92
3012,3,10,11.0,2.6,3.14
3013,3,10,7.89,2.48,3.42
3014,3,,8.57,2.6,3.45
3015,3,10,8.57,2.6,3.45
3016,3,10,10.0,2.6,3.85
3017,3,10,8.3,2.5,3.4
3018,3,10,7.71,2.49,3.03
3019,3,10,7.64,2.6,3.69
3020,3,,9.11,2.6,3.21
3021,3,10,11.2,2.4,4.1
3022,3,,8.0,2.6,3.8
3023,3,10,7.85,2.51,2.98
3024,3,6,6.867,2.5,3.483
3025,4,12,11.34,2.6,3.96
3026,3,10,11.95,2.6,3.481
3027,2,6,8.85,2.6,3.19
3028,2,6,9.42,2.6,4.07
3029,3,,8.792,2.55,3.15
3030,3,10,9.8,2.6,2.65
3031,3,10,8.4,2.55,3.65
3032,4,12,8.385,2.6,3.485
3033,2,6,9.9,2.6,4.1
3034,4,12,11.2,2.6,3.68
3035,4,12,8.42,2.6,3.19
3036,3,,7.95,2.6,3.5
3037,3,6,6.867,2.495,3.483
3038,3,10,12.4,2.6,4.0
3039,3,10,7.7,2.6,3.5
3040,3,,7.8,2.6,3.33
3041,3,6,6.817,2.495,3.483
3042,3,,7.79,2.6,3.48
3043,3,10,11.46,2.6,3.5
3044,2,6,8.0,2.55,3.65
3045,3,10,9.0,2.6,3.6
3046,4,12,10.5,2.6,3.7
3047,3,10,8.0,2.5,3.5
3048,4,12,9.0,2.6,3.21
3049,4,12,11.8,2.6,3.6
3050,3,10,7.63,2.49,3.05
3051,3,10,9.4,2.5,3.05
3052,3,10,10.35,2.6,3.6
3053,3,10,8.25,2.49,3.73
3054,3,10,7.8,2.49,3.73
3055,3,10,8.0,2.5,3.35
3056,3,10,10.5,2.53,3.73
3057,2,6,6.88,2.55,3.15
3058,2,6,9.4,2.5,3.05
3059,3,10,8.1,2.52,3.8
3060,2,6,9.45,2.6,3.5
3061,3,10,8.25,2.49,3.1
3062,3,10,8.26,2.54,3.7
3063,3,10,9.8,2.5,3.95
3064,2,6,8.9,2.6,4.1
3065,3,10,10.62,2.5,4.0
3066,3,8,12.3,2.51,3.7
3067,2,6,7.0,2.5,3.2
3068,3,10,7.95,2.55,3.2
3069,2,6,8.8,2.5,3.2
3070,3,10,8.0,2.5,3.31
3071,2,6,9.5,2.6,3.52
3072,3,10,8.13,2.57,3.85
3073,3,10,8.34,2.6,3.68
3074,3,10,8.67,2.5,3.7
3075,2,6,7.7,2.5,3.6
3076,3,10,8.34,2.5,3.68
3077,3,10,8.25,2.5,3.75
3078,2,6,8.67,2.42,2.67
3079,4,12,8.3,2.55,3.25
3080,2,6,8.8,2.45,3.4
3081,2,6,8.95,2.6,3.65
3082,3,10,10.1,2.6,3.2
3083,2,6,6.2,2.45,2.8
3084,2,6,9.0,2.6,3.8
3085,2,6,7.1,2.6,2.2
3086,3,10,9.6,2.6,3.7
3087,3,,8.439,2.575,3.61
3088,2,6,9.72,2.56,3.33
3089,2,6,7.35,2.5,3.05
3090,2,6,5.65,2.38,2.7
3091,2,6,6.75,2.45,2.8
3092,2,6,8.65,2.45,2.76
3093,2,6,8.76,2.55,3.8
3094,4,12,11.4,2.6,3.95
3095,2,6,7.26,2.6,3.1
3096,2,6,8.5,2.5,2.7
3097,2,6,8.47,2.48,2.88
3098,3,10,11.56,2.4,3.6
3099,2,6,6.87,2.45,3.0
3100,2,6,8.64,2.5,2.8
3101,3,10,10.0,2.6,2.8
3102,2,6,7.07,2.46,2.93
3103,4,12,11.9,2.6,4.0
3104,3,10,12.87,2.6,3.8
3105,4,12,11.54,2.6,3.98
3106,2,,5.95,2.45,3.0
3107,2,6,9.0,2.6,3.65
3108,3,10,12.8,2.6,4.0
3109,3,10,6.867,2.6,3.2
3110,3,10,10.99,2.43,2.93
3111,3,10,10.4,2.6,4.1
3112,3,,10.99,2.43,2.93
3113,3,10,8.13,2.6,3.33
3114,3,10,10.2,2.6,3.4
3115,3,10,8.13,2.55,3.3
3116,3,10,8.47,2.5,3.22
3117,3,10,9.5,2.6,3.3
3118,3,10,8.3,2.43,3.17
3119,3,10,8.28,2.47,3.17
3120,3,10,11.38,2.6,4.1
3121,3,10,8.25,2.43,3.15
3122,3,10,7.6,2.5,3.0
3123,3,10,8.24,2.43,3.15
3124,3,10,8.3,2.43,3.14
3125,3,10,8.24,2.41,3.15
3126,3,10,8.24,2.44,3.15
3127,3,10,10.95,2.6,4.1
3128,2,6,6.5,2.494,3.48
3129,2,6,9.9,2.6,3.4
3130,3,10,10.53,2.6,3.14
3131,3,,8.43,2.42,3.2
3132,2,6,7.07,2.6,2.7
3133,3,10,6.817,2.494,3.481
3134,3,10,8.25,2.43,3.16
3135,3,10,8.25,2.42,3.14
3136,3,,8.18,2.43,3.12
3137,3,10,8.45,2.6,3.35
3138,3,10,8.4,2.59,3.24
3139,3,,8.92,2.45,3.06
3140,3,10,8.32,2.41,3.13
3141,3,10,8.32,2.42,3.17
3142,3,,8.3,2.43,3.15
3143,3,10,8.31,2.41,3.15
3144,3,10,8.13,2.55,3.35
3145,3,10,8.15,2.5,3.29
3146,3,10,7.36,2.43,2.92
3147,3,10,10.8,2.6,3.9
3148,2,6,9.45,2.5,3.4
3149,2,6,9.85,2.6,4.05
3150,2,6,8.9,2.5,3.6
3151,3,10,10.65,2.6,3.55
3152,2,6,8.8,2.5,3.5
3153,2,6,7.105,2.6,3.21
3154,3,10,11.28,2.486,3.2
3155,3,10,11.68,2.6,4.1
3156,3,,10.4,2.6,3.6
3157,3,10,9.47,2.5,3.5
3158,3,10,9.3,2.5,3.5
3159,3,,9.0,2.4,3.1
3160,3,10,9.45,2.6,3.5
3161,3,10,10.05,2.6,3.6
3162,3,10,9.5,2.6,3.4
3163,3,10,9.7,2.6,3.3
3164,2,6,10.25,2.6,4.05
3165,2,6,9.5,2.6,3.75
3166,3,10,11.0,2.6,4.0
3167,3,10,11.28,2.6,2.75
3168,3,10,9.392,2.6,4.1
3169,3,10,11.9,2.6,3.5
3170,3,10,10.0,2.6,3.6
3171,2,6,9.8,2.6,3.75
3172,3,10,6.91,2.49,3.48
3173,3,10,8.27,2.4,3.17
3174,2,6,9.11,2.5,3.3
3175,3,,8.27,2.41,3.17
3176,3,10,7.4,2.6,3.1
3177,3,10,8.23,2.5,3.2
3178,3,10,8.27,2.42,3.17
3179,3,,8.23,2.4,3.15
3180,2,6,10.05,2.6,3.4
3181,3,10,8.21,2.41,3.14
3182,3,10,7.4,2.47,3.31
3183,3,,8.21,2.41,3.14
3184,3,10,7.85,2.56,3.8
3185,2,6,9.145,2.5,3.59
3186,3,,8.22,2.41,3.15
3187,3,10,8.22,2.41,3.15
3188,3,10,8.92,2.45,3.06
3189,3,10,9.0,2.5,3.2
3190,3,10,8.28,2.52,3.3
3191,3,10,11.0,2.6,3.1
3192,3,10,10.8,2.5,3.7
3193,3,10,7.81,2.43,2.7
3194,3,10,7.9,2.6,3.4
3195,2,6,10.3,2.6,3.5
3196,3,,8.16,2.5,3.29
3197,3,10,8.1,2.5,3.51
3198,3,10,8.28,2.25,3.3
3199,3,,8.31,2.54,3.05
3200,3,10,8.13,2.5,3.4
3201,2,6,9.0,2.52,3.7
3202,3,10,9.5,2.5,3.5
3203,3,10,8.31,2.54,3.05
3204,2,6,9.2,2.6,3.6
3205,3,10,7.36,2.43,2.99
3206,4,12,6.817,2.495,3.481
3207,2,6,9.1,2.6,4.0
3208,2,6,8.8,2.5,3.1
3209,2,6,9.8,2.6,3.4
3210,3,,8.13,2.5,3.4
3211,3,10,9.3,2.54,3.05
3212,3,,8.95,2.47,3.04
3213,2,6,8.15,2.6,3.525
3214,3,10,6.817,2.496,3.483
3215,3,10,7.8,2.55,3.25
3216,3,10,8.4,2.6,3.14
3217,3,10,8.0,2.6,3.48
3218,3,10,8.3,2.6,3.0
3219,2,6,9.45,2.6,3.8
3220,2,6,10.86,2.6,4.1
3221,3,10,10.5,2.6,3.35
3222,3,,8.28,2.52,3.3
3223,3,10,7.81,2.45,2.9
3224,3,10,7.8,2.52,3.55
3225,3,10,12.4,2.6,3.7
3226,2,6,10.4,2.6,3.7
3227,3,,6.81,2.49,3.48
3228,3,,8.2,2.5,3.4
3229,4,12,8.67,2.6,3.66
3230,4,12,8.725,2.6,3.55
3231,3,10,8.16,2.56,2.9
3232,3,10,7.99,2.5,3.24
3233,3,10,8.7,2.5,3.2
3234,3,10,8.92,2.5,3.5
3235,3,,8.13,2.5,5.4
3236,2,6,9.15,2.6,3.45
3237,2,6,10.22,2.6,4.1
3238,2,6,6.5,2.6,2.9
3239,3,10,8.2,2.6,3.25
3240,2,6,9.73,2.6,4.1
3241,3,10,9.1,2.5,3.12
3242,4,12,8.9,2.55,3.45
3243,2,6,9.65,2.56,3.7
3244,2,6,8.5,2.57,3.45
3245,4,12,11.6,2.6,3.5
3246,3,10,10.05,2.6,3.9
3247,3,10,10.5,2.6,4.2
3248,2,6,9.1,2.6,3.3
3249,2,6,8.55,2.4,2.75
3250,3,10,7.8,2.6,4.1
3251,3,10,7.8,2.6,7.1
3252,3,10,7.5,2.6,2.92
3253,2,6,7.15,2.4,2.7
3254,2,6,7.25,2.3,2.49
3255,2,6,7.15,2.4,3.6
3256,2,6,7.6,2.25,3.56
3257,2,6,8.3,2.4,2.77
3258,2,6,7.35,2.25,3.35
3259,2,6,7.6,2.3,3.2
3260,2,6,7.41,2.3,3.32
3261,3,6,6.867,2.495,3.5
3262,3,10,9.83,2.45,3.9
3263,3,10,7.8,2.55,3.5
3264,2,6,7.636,2.582,3.983
3265,2,6,6.9,2.2,3.445
3266,2,6,9.4,2.6,3.35
3267,2,6,7.34,2.2,3.52
3268,3,10,10.2,2.6,3.6
3269,2,6,8.0,2.4,2.7
3270,2,6,7.34,2.2,2.65
3271,2,6,7.53,2.27,3.08
3272,2,6,6.0,2.4,2.6
3273,2,6,7.2,2.25,3.7
3274,3,10,7.6,2.52,3.45
3275,2,6,7.134,2.148,2.98
3276,3,10,7.61,2.49,3.3
3277,3,10,7.5,2.6,3.3
3278,3,10,7.64,2.5,3.4
3279,3,10,6.817,2.495,3.301
3280,3,10,6.81,2.49,3.3
3281,3,10,7.84,2.54,3.33
3282,2,6,7.6,2.3,3.18
3283,3,,7.79,2.6,2.6
3284,3,10,6.817,2.495,3.587
3285,2,6,8.06,2.6,2.95
3286,3,10,6.82,2.5,3.3
3287,2,6,9.3,2.6,3.71
3288,2,6,10.3,2.6,3.9
3289,2,,7.8,2.5,3.0
3290,2,6,8.8,2.5,3.71
3291,2,6,9.14,2.5,3.55
3292,2,,5.9,2.22,2.95
3293,3,10,8.55,2.49,3.3
3294,2,6,9.0,2.46,4.02
3295,2,6,8.8,2.51,4.06
3296,3,10,10.0,2.6,3.94
3297,2,6,10.3,2.6,3.7
3298,3,10,10.85,2.6,3.95
3299,2,6,9.83,2.6,4.05
3300,2,6,9.4,2.5,3.2
3301,2,6,8.73,2.6,3.83
3302,3,10,10.65,2.5,3.3
3303,3,10,10.6,2.6,3.1
3304,3,10,12.2,2.6,3.9
3305,2,6,9.0,2.55,4.1
3306,3,,6.81,2.49,3.3
3307,2,6,9.0,2.53,2.79
3308,2,6,8.9,2.6,3.0
3309,2,6,9.02,2.6,3.4
3310,3,10,7.9,2.6,3.2
3311,2,,8.87,2.44,3.5
3312,3,10,7.7,2.55,3.7
3313,3,10,6.82,2.5,3.6
3314,2,6,6.8,2.5,2.72
3315,4,12,8.52,2.6,2.7
3316,3,10,7.8,2.55,3.33
3317,2,6,8.8,2.6,3.41
3318,2,6,8.6,2.55,3.7
3319,2,6,8.8,2.5,3.0
3320,2,6,9.15,2.6,3.1
3321,3,10,7.1,2.49,3.45
3322,3,10,11.27,2.6,3.41
3323,2,6,7.2,2.6,3.2
3324,3,10,7.057,2.5,3.949
3325,3,10,7.225,2.5,3.766
3326,2,6,8.9,2.5,4.0
3327,2,6,9.75,2.6,4.2
3328,2,6,9.15,2.6,3.8
3329,2,6,6.78,2.6,3.29
3330,2,6,8.95,2.6,3.3
3331,2,6,7.67,2.45,2.93
3332,3,10,7.84,2.6,3.4
3333,3,10,8.16,2.55,3.31
3334,2,6,7.46,2.51,2.88
3335,2,6,9.25,2.6,3.95
3336,2,6,7.765,2.486,3.012
3337,2,6,8.9,2.6,4.0
3338,2,6,8.0,2.5,3.65
3339,2,6,9.7,2.6,3.75
3340,2,6,9.05,2.6,3.93
3341,2,6,8.83,2.5,3.45
3342,2,6,8.055,2.5,3.86
3343,2,6,6.17,2.5,2.92
3344,2,6,6.86,2.6,2.9
3345,2,6,8.9,2.6,3.3
3346,2,6,6.855,2.6,3.31
3347,2,,6.9,2.5,3.3
3348,3,10,12.0,2.555,3.3
3349,2,6,9.6,2.6,3.65
3350,2,6,7.06,2.6,2.92
3351,3,10,12.18,2.6,4.1
3352,2,6,8.8,2.5,3.6
3353,2,6,9.86,2.6,3.55
3354,2,6,7.55,2.6,3.27
3355,2,6,9.6,2.6,3.92
3356,2,6,7.35,2.6,3.76
3357,2,,7.14,2.5,3.49
3358,2,6,8.9,2.6,3.8
3359,2,6,9.1,2.6,4.1
3360,2,6,8.6,2.6,3.97
3361,2,6,6.2,2.5,2.8
3362,2,6,8.4,2.6,3.6
3363,2,6,7.49,2.6,3.55
3364,2,6,6.7,2.5,2.95
3365,2,6,7.125,2.6,3.03
3366,2,6,7.3,2.6,3.6
3367,2,6,10.8,2.6,3.7
3368,2,6,9.2,2.6,3.2
3369,2,6,9.3,2.53,3.8
3370,2,6,9.08,2.6,4.1
3371,3,,9.6,2.6,3.55
3372,2,,9.075,2.5,2.95
3373,2,6,8.9,2.6,3.95
3374,2,6,9.0,2.5,2.9
3375,2,6,8.97,2.6,3.45
3376,3,,10.28,2.6,3.67
3377,2,6,10.84,2.6,3.504
3378,2,6,9.6,2.6,3.6
3379,2,6,6.68,2.6,2.88
3380,2,6,8.8,2.6,3.65
3381,2,6,8.9,2.6,3.31
3382,2,6,6.62,2.42,3.563
3383,3,10,9.97,2.6,3.7
3384,2,6,9.4,2.45,4.2
3385,2,6,6.3,2.45,2.9
3386,3,10,10.7,2.4,3.6
3387,2,6,8.1,2.5,3.5
3388,2,6,9.7,2.6,4.2
3389,2,6,7.3,2.6,3.65
3390,2,,8.34,2.38,2.84
3391,2,6,6.8,2.6,2.9
3392,2,6,9.4,2.6,3.4
3393,2,6,9.0,2.6,3.9
3394,2,6,8.8,2.6,3.68
3395,2,6,7.6,2.6,3.71
3396,2,6,6.42,2.43,3.06
3397,2,6,6.664,2.5,2.881
3398,2,6,9.5,2.6,2.85
3399,2,6,9.2,2.6,3.9
3400,2,6,9.0,2.6,3.47
3401,2,6,6.4,2.3,3.0
3402,2,6,9.7,2.55,4.1
3403,2,6,6.42,2.43,3.065
3404,2,6,7.3,2.6,3.75
3405,3,10,11.5,2.6,3.93
3406,2,6,9.45,2.5,2.65
3407,2,6,9.26,2.6,4.07
3408,2,6,6.34,2.38,2.84
3409,2,6,10.46,2.6,3.62
3410,2,6,9.8,2.26,2.52
3411,2,6,7.0,2.6,3.9
3412,2,6,7.13,2.6,3.03
3413,2,6,9.0,2.6,4.1
3414,4,,9.15,2.41,2.95
3415,2,6,6.56,2.45,3.115
3416,2,6,7.17,2.6,3.62
3417,3,10,10.5,2.6,3.55
3418,2,6,7.35,2.6,3.56
3419,2,6,7.32,2.6,3.71
3420,2,6,7.14,2.5,3.49
3421,2,6,9.15,2.6,3.6
3422,2,6,8.8,2.6,3.56
3423,2,6,7.02,2.555,3.585
3424,2,6,6.97,2.6,3.67
3425,3,,8.1,2.6,3.3
3426,2,,6.88,2.5,3.75
3427,2,6,9.05,2.6,3.75
3428,2,6,7.0,2.5,3.75
3429,2,6,9.4,2.6,3.7
3430,2,6,7.9,2.6,3.6
3431,2,6,9.38,2.6,3.53
3432,3,,7.67,2.55,3.34
3433,3,10,7.67,2.55,3.32
3434,3,10,8.2,2.47,4.1
3435,3,10,7.58,2.55,3.18
3436,3,10,7.86,2.48,3.7
3437,3,10,7.83,2.5,3.32
3438,3,10,7.62,2.5,3.3
3439,3,10,7.68,2.6,3.34
3440,3,10,8.06,2.6,3.54
3441,4,12,10.0,2.6,3.3
3442,3,,9.48,2.6,3.67
3443,3,10,10.0,2.6,3.75
3444,3,,8.0,2.6,3.4
3445,3,10,7.8,2.5,3.31
3446,3,,7.68,2.6,3.33
3447,4,12,10.88,2.6,3.3
3448,3,10,10.6,2.6,4.2
3449,3,10,9.2,2.65,2.7
3450,3,10,9.45,2.6,4.2
3451,3,10,9.2,2.6,3.2
3452,2,6,6.45,2.5,3.44
3453,2,6,6.5,2.5,3.1
3454,3,10,7.85,2.54,2.85
3455,3,10,7.73,2.5,3.33
3456,3,10,7.8,2.6,3.62
3457,3,10,7.65,2.5,3.1
3458,2,6,9.4,2.6,3.9
3459,2,6,10.0,2.6,4.05
3460,2,6,9.382,2.6,4.079
3461,3,10,7.8,2.55,4.1
3462,2,6,8.9,2.45,2.7
3463,3,10,7.75,2.6,3.42
3464,2,6,6.8,2.46,3.35
3465,2,6,6.9,2.6,2.3
3466,2,6,9.13,2.6,4.1
3467,2,6,9.2,2.5,3.15
3468,2,6,9.2,2.55,3.6
3469,2,6,9.6,2.6,3.82
3470,2,6,8.6,2.6,3.6
3471,3,,7.8,2.6,3.62
3472,2,6,6.94,2.46,3.66
3473,3,10,7.7,2.6,3.31
3474,2,6,8.28,2.25,3.12
3475,2,6,8.95,2.6,3.75
3476,3,10,11.35,2.6,3.9
3477,3,10,7.55,2.55,3.65
3478,3,10,7.405,2.487,3.316
3479,4,12,9.6,2.6,3.6
3480,2,6,9.1,2.6,3.83
3481,2,6,8.9,2.486,3.2
3482,3,10,7.75,2.6,4.16
3483,2,6,9.2,2.6,4.0
3484,2,6,6.4,2.45,3.15
3485,2,6,9.8,2.6,3.7
3486,3,10,5.16,2.5,2.7
3487,2,6,6.72,2.46,3.4
3488,3,10,9.4,2.56,4.15
3489,3,10,11.25,2.6,3.65
3490,2,6,8.73,2.6,3.45
3491,2,6,9.15,2.6,3.98
3492,2,6,9.12,2.6,3.92
3493,3,10,7.66,2.6,3.33
3494,3,10,9.5,2.6,3.5
3495,3,10,8.35,2.6,3.3
3496,3,10,9.95,2.6,3.45
3497,3,10,7.69,2.6,3.33
3498,2,6,9.75,2.6,4.0
3499,3,10,10.95,2.6,4.15
3500,2,6,9.06,2.6,4.1
3501,2,6,9.0,2.5,3.2
3502,2,6,9.4,2.6,3.2
3503,2,6,9.7,2.6,3.65
3504,2,6,8.85,2.55,3.9
3505,3,10,8.8,2.6,3.75
3506,2,6,9.0,2.5,2.72
3507,2,6,9.2,2.5,3.6
3508,2,6,8.73,2.406,3.0
3509,3,10,7.73,2.6,3.335
3510,2,6,9.15,2.57,3.65
3511,3,10,7.495,2.6,3.315
3512,3,10,7.78,2.6,3.56
3513,3,10,8.4,2.5,3.85
3514,4,,9.25,2.6,4.1
3515,3,10,7.675,2.6,3.47
3516,4,12,13.041,2.5,3.961
3517,4,14,12.0,2.6,3.8
3518,2,,7.66,2.494,3.292
3519,4,12,11.6,2.6,3.65
3520,3,10,7.67,2.6,3.41
3521,3,10,8.1,2.6,4.1
3522,3,10,7.575,2.5,2.75
3523,2,6,8.73,2.41,2.76
3524,2,6,10.8,2.6,4.1
3525,3,10,7.8,2.6,3.1
3526,2,6,8.3,2.45,2.78
3527,3,10,8.2,2.6,4.1
3528,3,10,7.762,2.6,3.551
3529,2,6,9.2,2.56,3.7
3530,2,10,11.3,2.6,4.1
3531,2,6,10.3,2.55,3.85
3532,2,6,9.83,2.6,4.1
3533,2,6,9.3,2.6,3.9
3534,2,6,9.06,2.54,3.92
3535,3,10,7.79,2.6,3.35
3536,2,6,9.15,2.55,3.7
3537,2,6,8.9,2.6,3.15
3538,2,6,9.0,2.6,3.2
3539,3,10,9.7,2.6,3.85
3540,3,10,7.75,2.6,3.58
3541,2,6,8.8,2.5,2.85
3542,2,6,8.8,2.49,3.0
3543,3,10,8.8,2.6,3.3
3544,2,6,9.25,2.56,3.15
3545,2,6,8.87,2.6,3.2
3546,2,6,7.75,2.49,2.72
3547,3,10,7.67,2.55,3.34
3548,4,12,10.5,2.6,3.69
3549,2,6,10.04,2.6,4.03
3550,2,6,8.9,2.55,3.1
3551,2,6,8.73,2.6,4.04
3552,2,6,9.35,2.55,3.5
3553,2,6,10.55,2.6,3.8
3554,3,10,13.2,2.6,4.05
3555,3,,8.1,2.6,3.2
3556,3,10,9.55,2.6,3.4
3557,2,6,8.765,2.6,2.812
3558,3,,7.68,2.6,3.34
3559,2,6,8.78,2.5,2.95
3560,2,6,8.85,2.5,3.44
3561,3,10,7.83,2.5,3.31
3562,3,10,10.9,2.6,3.2
3563,3,10,7.77,2.54,3.24
3564,2,6,9.23,2.6,3.75
3565,3,10,7.87,2.6,3.35
3566,2,6,9.7,2.6,3.9
3567,2,6,9.45,2.6,4.16
3568,3,,7.54,2.52,3.46
3569,3,10,7.9,2.5,3.35
3570,3,10,7.91,2.54,3.32
3571,3,10,8.24,2.6,4.1
3572,3,10,7.69,2.5,2.7
3573,2,6,9.15,2.6,3.3
3574,2,4,5.548,2.07,2.502
3575,2,6,10.4,2.6,4.1
3576,2,6,7.93,2.486,3.263
3577,2,6,9.1,2.6,3.53
3578,2,6,10.1,2.6,4.1
3579,2,6,10.5,2.6,4.1
3580,2,6,8.87,2.6,4.1
3581,2,6,9.55,2.6,3.6
3582,2,6,8.8,2.6,4.0
3583,2,6,8.6,2.57,3.85
3584,2,6,9.45,2.52,4.0
3585,2,6,9.16,2.6,3.8
3586,2,6,8.7,2.6,3.52
3587,3,10,13.1,2.6,4.1
3588,2,6,7.85,2.406,3.2
3589,2,6,9.25,2.6,4.1
3590,3,10,8.81,2.5,3.86
3591,2,6,9.4,2.6,3.8
3592,2,6,9.4,2.6,4.0
3593,2,6,9.55,2.6,3.65
3594,2,6,6.622,2.6,3.316
3595,3,10,8.95,2.6,4.08
3596,3,10,8.65,2.6,4.08
3597,4,12,11.92,2.6,4.0
3598,2,6,10.65,2.6,3.6
3599,2,6,8.92,2.6,3.95
3600,2,6,9.1,2.6,4.05
3601,2,6,9.26,2.6,3.5
3602,2,6,9.2,2.6,4.1
3603,2,6,9.366,2.6,4.079
3604,3,10,7.8,2.6,3.45
3605,2,6,8.77,2.49,3.52
3606,4,,8.59,2.6,3.61
3607,3,10,7.68,2.6,3.32
3608,2,6,9.2,2.55,2.75
3609,2,6,8.8,2.6,3.84
3610,3,10,10.3,2.6,2.712
3611,2,6,9.055,2.6,3.855
3612,2,6,8.76,2.35,3.2
3613,2,6,9.1,2.6,3.96
3614,2,6,6.443,2.582,3.983
3615,2,6,8.7,2.6,3.04
3616,3,10,7.8,2.6,4.2
3617,2,6,8.621,2.6,3.799
3618,2,6,10.1,2.6,4.05
3619,3,10,13.1,2.6,4.15
3620,2,6,8.86,2.6,3.97
3621,3,10,7.19,2.5,3.29
3622,3,10,7.9,2.5,3.7
3623,3,10,11.53,2.6,3.8
3624,2,6,10.0,2.6,3.75
3625,2,6,9.3,2.6,3.8
3626,2,6,11.15,2.5,3.76
3627,2,6,9.26,2.6,3.85
3628,2,6,9.25,2.55,3.6
3629,3,10,7.78,2.5,2.83
3630,2,6,9.36,2.6,3.25
3631,2,6,9.07,2.49,3.6
3632,3,10,11.3,2.6,4.02
3633,2,6,8.5,2.56,2.85
3634,3,10,7.2,2.5,2.9
3635,2,,7.5,2.5,2.7
3636,2,6,9.3,2.6,3.7
3637,2,6,9.1,2.6,3.45
3638,2,6,9.4,2.52,3.2
3639,2,6,8.9,2.5,2.9
3640,2,6,10.05,2.6,4.05
3641,2,6,9.3,2.6,3.85
3642,2,6,9.2,2.6,3.95
3643,2,6,9.45,2.6,4.2
3644,3,10,9.65,2.5,3.95
3645,3,10,8.56,2.6,3.655
3646,3,10,7.69,2.5,3.57
3647,2,6,9.25,2.6,3.65
3648,3,10,9.45,2.55,3.9
3649,4,12,8.85,2.6,3.85
3650,2,44,5.38,1.99,2.49
3651,3,10,8.1,2.5,3.6
3652,2,6,9.0,2.6,2.91
3653,3,10,11.05,2.6,4.0
3654,4,12,9.96,2.5,3.45
3655,3,10,9.4,2.494,2.92
3656,2,6,8.73,2.6,3.55
3657,2,6,9.3,2.6,3.94
3658,2,10,7.75,2.6,3.42
3659,2,6,9.6,2.6,3.8
3660,4,12,12.05,2.6,3.92
3661,4,12,11.675,2.5,4.1
3662,2,6,9.55,2.6,3.9
3663,3,,8.4,2.4,3.2
3664,3,10,9.8,2.55,4.0
3665,3,10,10.0,2.53,3.65
3666,3,10,7.85,2.6,3.6
3667,2,6,10.05,2.6,3.86
3668,2,6,6.1,2.49,4.02
3669,2,6,6.14,2.51,4.1
3670,2,6,9.1,2.6,2.9
3671,2,6,9.2,2.6,3.0
3672,4,12,11.4,2.6,3.55
3673,3,10,6.757,2.51,3.804
3674,3,10,7.73,2.5,3.335
3675,3,10,8.6,2.5,3.1
3676,2,6,9.51,2.6,4.0
3677,2,6,9.3,2.6,3.0
3678,2,6,8.73,2.52,3.45
3679,4,14,10.95,2.6,3.7
3680,3,10,7.96,2.4,2.82
3681,3,10,8.0,2.6,3.5
3682,2,6,9.2,2.6,3.45
3683,3,10,7.8,2.5,3.34
3684,3,10,7.62,2.5,3.25
3685,3,10,8.1,2.6,3.2
3686,2,6,8.8,2.6,3.7
3687,2,4,5.318,1.85,1.835
3688,2,6,9.2,2.55,3.5
3689,2,6,8.8,2.6,3.5
3690,2,6,8.95,2.59,3.75
3691,3,10,7.8,2.5,3.28
3692,4,12,8.47,2.6,3.43
3693,3,10,10.75,2.6,3.55
3694,3,10,7.7,2.6,3.62
3695,2,6,9.9,2.6,3.85
3696,2,6,9.5,2.6,3.85
3697,2,6,9.3,2.43,3.6
3698,2,6,8.73,2.41,3.0
3699,3,10,9.6,2.6,3.9
3700,3,10,7.45,2.6,3.5
3701,3,10,8.47,2.6,3.43
3702,3,10,12.15,2.6,4.0
3703,3,10,8.0,2.5,3.0
3704,3,10,6.81,2.5,3.63
3705,2,,9.75,2.6,3.72
3706,2,6,9.6,2.6,3.15
3707,3,10,10.45,2.6,3.3
3708,3,10,10.65,2.6,3.3
3709,2,6,9.35,2.6,3.4
3710,3,,9.45,2.5,3.6
3711,4,12,11.32,2.6,3.75
3712,3,10,11.15,2.6,3.67
3713,2,6,8.85,2.45,3.5
3714,2,6,9.5,2.6,2.712
3715,2,6,8.75,2.6,3.0
3716,2,6,9.0,2.4,3.7
3717,3,10,9.27,2.6,3.5
3718,2,6,9.45,2.6,3.52
3719,2,6,9.42,2.6,3.83
3720,2,6,9.25,2.55,3.5
3721,2,6,9.265,2.6,3.8
3722,2,6,9.08,2.6,3.85
3723,3,10,9.95,2.6,4.15
3724,2,6,9.5,2.6,3.55
3725,2,6,9.15,2.6,3.65
3726,2,6,9.3,2.56,3.56
3727,2,6,9.28,2.6,3.84
3728,2,6,8.69,2.6,3.275
3729,2,6,9.58,2.6,3.26
3730,2,6,9.8,2.5,3.8
3731,2,6,7.67,2.55,3.45
3732,2,6,9.15,2.6,3.68
3733,2,6,9.03,2.57,3.53
3734,2,6,8.95,2.6,3.77
3735,2,6,8.65,2.6,3.2
3736,3,10,10.3,2.6,3.62
3737,3,,7.9,2.6,3.3
3738,2,,9.0,2.58,4.0
3739,2,6,9.1,2.5,3.0
3740,2,6,6.2,2.53,2.59
3741,2,6,9.03,2.5,3.64
3742,3,10,10.4,2.6,3.7
3743,2,6,8.75,2.5,3.22
3744,2,6,9.2,2.55,3.3
3745,2,6,8.9,2.5,3.2
3746,2,6,8.94,2.46,2.76
3747,3,10,11.44,2.6,3.4
3748,4,12,10.1,2.6,4.1
3749,2,6,10.4,2.6,3.95
3750,2,6,9.04,2.6,3.57
3751,3,10,11.6,2.6,3.0
3752,2,6,8.58,2.5,3.0
3753,2,6,8.76,1.48,2.8
3754,3,10,10.1,2.6,3.0
3755,3,10,10.15,2.6,4.1
3756,3,10,10.5,2.5,3.4
3757,2,6,8.74,2.5,3.31
3758,2,6,8.8,2.6,3.48
3759,2,6,8.9,2.56,3.85
3760,2,6,6.7,2.5,3.0
3761,2,6,10.12,2.6,3.94
3762,2,6,7.0,2.5,2.95
3763,2,6,7.41,2.47,2.98
3764,2,6,7.45,2.4,3.3
3765,3,10,8.7,2.48,3.1
3766,2,6,6.42,2.44,3.08
3767,3,10,10.36,2.56,3.65
3768,3,10,10.5,2.6,3.4
3769,2,6,6.96,2.54,2.8
3770,2,,8.8,2.5,3.0
3771,2,,7.9,2.48,3.0
3772,2,6,9.34,2.6,3.84
3773,2,6,8.0,2.6,3.4
3774,2,6,9.05,2.6,3.6
3775,2,6,7.8,2.52,3.0
3776,2,,8.77,2.49,2.95
3777,2,,9.2,2.6,3.45
3778,2,,8.9,2.6,3.88
3779,2,,7.82,2.52,2.97
3780,3,10,11.45,2.6,4.2
3781,2,6,9.9,2.6,3.8
3782,3,10,10.4,2.6,3.73
3783,3,10,8.32,2.35,3.52
3784,3,10,8.25,2.6,3.6
3785,3,10,9.95,2.6,3.8
3786,2,6,9.3,2.6,3.4
3787,2,6,8.38,2.6,3.4
3788,2,6,9.31,2.6,3.5
3789,2,,7.9,2.48,3.25
3790,2,,8.8,2.48,3.15
3791,2,6,7.8,2.48,3.35
3792,2,6,10.17,2.6,2.75
3793,2,6,6.8,2.6,3.2
3794,2,6,9.3,2.6,2.84
3795,3,10,11.0,2.6,3.85
3796,2,,8.96,2.5,3.0
3797,2,6,10.15,2.6,3.65
3798,2,6,9.8,2.5,2.8
3799,3,10,10.54,2.6,3.9
3800,2,6,8.78,2.58,3.5
3801,3,10,11.2,2.56,3.7
3802,2,6,9.22,2.6,3.55
3803,2,6,8.99,2.55,3.3
3804,2,,9.05,2.5,2.95
3805,2,6,6.77,2.55,2.88
3806,4,12,11.2,2.6,3.55
3807,4,12,11.35,2.6,3.7
3808,4,14,12.0,2.6,4.2
3809,2,6,6.42,2.5,3.07
3810,2,6,7.07,2.55,3.0
3811,2,6,9.0,2.55,3.0
3812,2,,8.76,2.48,2.74
3813,2,6,9.297,2.45,3.5
3814,2,6,6.76,2.43,3.06
3815,2,6,9.054,2.45,3.5
3816,3,10,11.2,2.6,4.06
3817,2,6,7.4,2.6,3.35
3818,2,6,9.0,2.6,2.79
3819,2,,8.77,2.49,2.75
3820,2,6,6.425,2.5,3.07
3821,2,6,8.8,2.5,3.05
3822,2,6,8.76,2.55,3.65
3823,3,10,11.0,2.6,2.98
3824,2,,8.4,2.5,3.2
3825,2,6,8.93,2.6,3.4
3826,2,,8.8,2.6,3.5
3827,2,6,9.5,2.5,3.7
3828,2,6,8.27,2.57,3.38
3829,2,6,8.32,2.55,3.65
3830,2,,9.575,2.486,3.593
3831,2,,9.525,2.486,3.538
3832,2,6,8.77,2.486,2.9
3833,2,6,8.8,2.4,3.09
3834,2,,8.77,2.52,2.95
3835,2,6,8.325,2.6,3.86
3836,2,6,8.77,2.49,2.9
3837,2,,7.82,2.6,3.51
3838,2,,7.934,2.5,3.4
3839,2,6,9.37,2.6,4.08
3840,2,6,8.0,2.5,3.0
3841,2,6,8.9,2.4,3.6
3842,3,10,7.74,2.6,3.34
3843,4,12,8.7,2.5,3.5
3844,3,10,7.7,2.55,3.32
3845,4,12,10.5,2.6,3.85
3846,2,6,8.89,2.6,3.15
3847,2,6,7.32,2.5,3.21
3848,3,10,7.4,2.6,3.45
3849,3,10,7.81,2.48,3.72
3850,2,6,10.15,2.6,3.5
3851,2,6,9.2,2.41,3.7
3852,3,10,7.93,2.6,2.13
3853,3,10,7.64,2.5,3.38
3854,4,12,12.35,2.6,3.73
3855,3,10,7.51,2.5,3.18
3856,2,6,7.46,2.465,3.47
3857,4,12,8.7,2.6,3.65
3858,2,6,8.8,2.45,3.75
3859,2,6,9.5,2.55,3.35
3860,3,10,7.06,2.48,3.31
3861,4,12,8.7,2.5,3.34
3862,3,10,11.83,2.6,4.0
3863,2,6,8.73,2.2,2.15
3864,2,6,9.85,2.6,3.7
3865,4,12,8.561,2.438,3.455
3866,2,6,8.95,2.6,3.6
3867,3,10,7.64,2.5,3.34
3868,2,6,6.8,2.6,4.1
3869,2,6,8.3,2.44,3.35
3870,2,6,9.225,2.5,3.38
3871,2,6,9.23,2.6,3.55
3872,2,6,9.55,2.6,3.75
3873,2,6,10.1,2.6,4.0
3874,2,6,9.43,2.6,3.039
3875,3,10,7.77,2.56,2.96
3876,2,6,9.46,2.6,3.7
3877,3,10,11.8,2.6,3.15
3878,3,10,8.28,2.6,3.88
3879,2,6,9.2,2.5,2.75
3880,2,6,9.1,2.6,3.75
3881,3,10,11.3,2.6,3.0
3882,3,10,9.2,2.5,3.9
3883,2,6,6.9,2.6,4.1
3884,2,6,8.95,2.55,3.85
3885,2,6,8.6,2.5,3.6
3886,2,6,8.76,2.6,4.08
3887,2,,8.765,2.5,3.2
3888,3,10,11.62,2.6,4.0
3889,3,10,7.68,2.6,3.33
3890,3,10,10.5,2.6,4.0
3891,2,6,8.7,2.6,3.87
3892,2,6,9.6,2.5,3.5
3893,3,10,7.0,2.46,3.0
3894,2,6,8.25,2.6,3.7
3895,2,6,10.898,2.6,3.747
3896,3,10,7.65,2.6,3.85
3897,3,10,7.41,2.48,3.82
3898,2,6,9.6,2.6,3.1
3899,2,6,8.8,2.6,3.6
3900,2,6,12.7,2.6,4.0
3901,3,10,9.38,2.56,3.82
3902,2,6,8.73,2.6,3.5
3903,2,6,8.73,2.406,2.9
3904,2,6,10.096,2.6,4.1
3905,2,,8.73,2.406,2.759
3906,2,6,8.86,2.6,3.6
3907,2,6,9.3,2.6,4.1
3908,3,,9.46,2.55,3.7
3909,3,10,7.93,2.6,3.47
3910,3,10,8.2,2.6,3.9
3911,2,6,9.15,2.53,3.96
3912,3,10,7.75,2.5,3.25
3913,2,6,9.055,2.6,3.1
3914,2,6,9.0,2.55,3.4
3915,2,6,8.5,2.5,4.0
3916,3,10,9.76,2.6,3.64
3917,3,10,8.1,2.5,3.9
3918,2,6,8.5,2.55,3.0
3919,3,10,8.42,2.6,3.53
3920,2,6,9.8,2.6,3.9
3921,4,14,11.6,2.6,3.55
3922,3,10,8.2,2.6,4.0
3923,2,6,9.94,2.6,3.9
3924,3,10,10.92,2.6,3.6
3925,2,6,9.3,2.6,2.74
3926,3,10,10.95,2.6,3.7
3927,2,6,9.2,2.6,3.25
3928,3,10,8.1,2.6,3.85
3929,2,,8.95,2.6,3.85
3930,3,10,9.75,2.6,3.52
3931,3,10,11.5,2.6,4.3
3932,2,6,9.21,2.6,4.01
3933,2,6,10.13,2.6,3.8
3934,2,6,8.55,2.58,3.1
3935,3,10,11.3,2.6,3.55
3936,2,6,9.3,2.6,4.3
3937,4,12,10.24,2.55,4.0
3938,3,10,9.46,2.5,2.98
3939,3,10,9.46,2.6,3.33
3940,2,6,8.67,2.438,2.88
3941,3,10,11.5,2.6,3.0
3942,2,,9.05,2.5,3.31
3943,2,6,10.7,2.6,3.95
3944,3,10,9.25,2.562,3.47
3945,3,10,7.64,2.5,3.3
3946,3,10,13.1,2.6,3.95
3947,3,10,10.75,2.56,4.09
3948,3,10,9.9,2.6,3.82
3949,2,6,9.8,2.6,3.92
3950,3,10,10.2,2.6,3.68
3951,2,6,9.0,2.55,3.08
3952,2,6,9.3,2.6,3.45
3953,2,,8.73,2.6,3.8
3954,3,10,10.95,2.6,3.8
3955,2,6,9.09,2.6,3.68
3956,4,14,11.15,2.6,4.05
3957,2,6,8.84,2.6,3.4
3958,3,10,9.95,2.6,3.62
3959,2,6,9.75,2.6,3.9
3960,4,12,11.8,2.6,4.05
3961,4,12,11.3,2.6,3.7
3962,2,6,8.75,2.68,3.9
3963,3,10,10.25,2.6,4.0
3964,4,12,11.4,2.6,3.7
3965,2,6,9.6,2.6,3.45
3966,2,6,9.0,2.55,2.6
3967,3,10,9.83,2.6,3.78
3968,2,,9.2,2.6,4.0
3969,3,10,11.01,2.6,3.8
3970,2,6,6.6,2.46,2.53
3971,3,10,10.75,2.6,3.75
3972,2,6,8.85,2.6,3.66
3973,3,10,11.8,2.6,3.4
3974,2,6,8.435,2.6,2.8
3975,2,6,9.0,2.54,3.7
3976,3,10,7.83,2.6,2.96
3977,3,10,11.23,2.6,4.1
3978,3,10,7.61,2.6,3.5
3979,3,10,7.5,2.6,3.32
3980,2,6,8.73,2.6,3.159
3981,3,10,10.69,2.6,4.1
3982,2,6,11.73,2.6,3.08
3983,3,10,11.8,2.6,4.3
3984,3,10,12.2,2.6,3.7
3985,3,10,9.01,2.57,3.32
3986,2,,5.9,2.4,3.0
3987,2,,8.3,2.5,2.98
3988,3,10,7.925,2.6,3.41
3989,2,6,9.45,2.6,3.65
3990,4,12,13.1,2.6,4.0
3991,3,,10.0,2.6,4.1
3992,2,6,9.6,2.6,3.4
3993,3,10,7.87,2.6,3.34
3994,2,6,9.08,2.54,2.8
3995,3,10,10.5,2.49,4.1
3996,3,10,7.85,2.6,3.62
3997,2,6,8.73,2.6,2.96
3998,3,10,11.34,2.6,4.0
3999,3,10,10.45,2.6,3.65
4000,2,,8.67,2.4,3.2
4001,2,6,9.65,2.55,3.45
4002,3,10,10.15,2.55,3.5
4003,3,10,7.62,2.5,3.555
4004,2,6,7.7,2.5,3.0
4005,2,6,9.26,2.36,2.68
4006,3,10,9.4,2.6,3.75
4007,2,6,9.16,2.48,3.26
4008,2,6,9.72,2.5,3.74
4009,3,10,11.35,2.35,3.25
4010,2,6,9.3,2.6,3.3
4011,2,6,6.22,2.45,2.8
4012,2,6,8.73,2.406,3.14
4013,3,10,9.5,2.6,3.63
4014,2,6,10.44,2.486,3.635
4015,3,10,12.25,2.6,4.1
4016,2,6,6.94,2.58,3.0
4017,3,10,7.695,2.6,2.965
4018,2,6,9.77,2.6,3.825
4019,2,6,9.36,2.61,3.76
4020,2,6,8.85,2.6,2.75
4021,3,10,7.675,2.6,3.31
4022,2,6,6.27,2.25,2.7
4023,2,6,9.4,2.54,3.7
4024,2,6,9.25,2.6,3.6
4025,2,6,9.95,2.6,4.1
4026,3,,7.75,2.6,3.6
4027,4,12,11.4,2.6,3.64
4028,3,10,10.98,2.6,3.82
4029,3,10,11.65,2.6,3.4
4030,2,6,7.0,2.1,1.68
4031,3,10,7.675,2.6,3.405
4032,3,10,11.6,2.6,3.84
4033,2,6,10.3,2.6,4.01
4034,3,10,10.45,2.5,3.2
4035,3,10,9.15,2.6,3.45
4036,3,10,8.3,2.6,3.94
4037,2,6,8.78,2.48,3.17
4038,4,12,9.25,2.4,3.9
4039,2,6,9.7,2.6,3.5
4040,3,10,10.87,2.55,4.1
4041,2,6,11.89,2.6,4.1
4042,2,6,10.25,2.6,4.0
4043,2,6,9.15,2.41,3.4
4044,3,10,12.0,2.6,3.14
4045,3,10,10.76,2.6,3.8
4046,3,10,9.0,2.6,3.02
4047,3,10,11.2,2.6,4.14
4048,3,10,12.16,2.6,4.1
4049,2,6,10.5,2.6,3.94
4050,3,10,7.95,2.6,3.52
4051,3,10,7.7,2.5,3.34
4052,3,10,7.2,2.5,3.3
4053,3,10,10.6,2.6,3.5
4054,2,6,9.75,2.6,3.7
4055,3,10,7.3,2.6,3.1
4056,2,6,9.6,2.4,3.9
4057,2,6,10.2,2.6,3.95
4058,2,6,9.1,2.56,3.8
4059,3,10,11.52,2.6,4.08
4060,2,6,9.1,2.6,3.5
4061,3,10,8.3,2.48,3.2
4062,3,10,7.9,2.6,4.1
4063,2,6,9.645,2.6,3.915
4064,2,6,8.85,2.6,3.5
4065,3,10,12.45,2.6,4.1
4066,2,6,9.05,2.5,3.18
4067,3,10,11.045,2.6,4.065
4068,2,6,10.94,2.6,3.95
4069,3,10,10.9,2.6,3.6
4070,2,,8.5,2.55,3.36
4071,3,10,13.2,2.6,3.85
4072,3,10,9.06,2.494,2.942
4073,2,6,6.8,2.3,3.15
4074,3,,11.5,2.6,4.0
4075,2,6,10.4,2.6,4.0
4076,3,10,10.88,2.6,3.9
4077,2,6,9.2,2.6,2.76
4078,3,10,12.15,2.6,4.1
4079,3,10,7.6,2.6,3.2
4080,3,10,7.4,2.6,3.2
4081,3,10,9.9,2.5,4.1
4082,3,10,7.68,2.6,2.7
4083,2,,9.12,2.57,2.96
4084,4,12,10.8,2.6,3.75
4085,3,10,10.2,2.6,3.5
4086,2,6,9.1,2.608,3.75
4087,3,,9.79,2.6,3.45
4088,2,6,10.1,2.5,3.2
4089,2,6,9.5,2.6,3.4
4090,3,10,8.25,2.6,3.8
4091,3,10,11.2,2.6,3.3
4092,3,10,7.55,2.5,3.28
4093,3,10,12.2,2.6,3.61
4094,4,12,12.4,2.6,3.87
4095,4,12,10.5,2.6,3.2
4096,3,10,10.15,2.6,3.9
4097,3,10,8.0,3.75,2.6
4098,2,6,9.7,2.6,3.93
4099,2,6,9.5,2.6,3.92
4100,2,6,9.807,2.6,3.54
4101,3,10,7.8,2.6,3.362
4102,2,,9.5,2.6,3.48
4103,2,6,10.5,2.6,3.8
4104,2,6,9.9,2.6,3.95
4105,2,6,9.7,2.55,4.0
4106,2,6,9.0,2.5,3.4
4107,2,6,10.1,2.24,2.4
4108,4,12,11.42,2.6,4.1
4109,2,6,8.76,2.6,2.95
4110,2,6,11.5,2.6,4.0
4111,2,6,9.26,2.6,3.2
4112,4,12,11.84,2.6,3.75
4113,2,6,10.5,2.6,3.95
4114,3,10,10.55,2.6,3.6
4115,3,10,9.96,2.43,2.68
4116,4,14,14.7,2.6,4.1
4117,4,12,10.75,2.6,3.5
4118,2,4,4.363,1.767,1.804
4119,2,6,9.35,2.6,3.3
4120,2,6,6.2,2.486,2.747
4121,3,10,9.4,2.6,3.35
4122,3,10,7.58,2.6,3.53
4123,3,10,11.0,2.6,3.67
4124,3,,10.8,2.6,3.35
4125,3,10,8.75,2.6,2.94
4126,2,6,9.0,2.55,3.25
4127,2,6,10.35,2.6,3.8
4128,2,6,9.3,2.6,3.34
4129,2,6,9.74,2.6,3.9
4130,2,6,9.25,2.6,3.61
4131,3,,10.37,2.6,3.55
4132,3,10,10.8,2.6,3.35
4133,2,6,9.23,2.55,4.0
4134,2,6,5.95,2.2,2.4
4135,4,12,11.2,2.6,3.7
4136,2,6,9.4,2.55,3.5
4137,2,6,8.66,2.36,2.68
4138,3,10,12.2,2.6,4.4
4139,3,10,8.24,2.6,3.54
4140,4,12,10.9,2.6,3.65
4141,3,10,10.4,2.5,3.6
4142,2,6,9.3,2.6,3.5
4143,2,6,9.7,2.6,3.3
4144,2,6,9.2,2.6,3.55
4145,4,12,12.3,2.6,3.6
4146,2,6,9.6,3.45,2.6
4147,2,6,9.75,2.6,4.1
4148,3,10,9.85,2.6,3.5
4149,3,10,10.5,2.6,3.3
4150,2,6,10.2,2.6,3.8
4151,2,6,9.58,2.6,3.9
4152,3,10,10.82,2.6,3.75
4153,3,10,9.75,2.5,3.9
4154,2,6,6.3,2.45,2.95
4155,3,10,7.7,2.5,3.5
4156,3,10,11.52,2.6,4.0
4157,3,10,9.46,2.6,3.8
4158,3,10,9.46,2.57,3.6
4159,3,10,8.3,2.6,3.2
4160,3,10,8.0,2.57,3.8
4161,3,10,7.45,2.5,3.75
4162,3,10,7.88,2.55,3.31
4163,3,10,7.53,2.55,3.35
4164,3,,9.32,2.6,3.85
4165,2,6,8.7,2.55,3.2
4166,2,6,8.2,2.6,3.68
4167,3,10,8.74,2.52,3.28
4168,2,6,8.8,2.6,3.95
4169,3,10,7.83,2.6,3.47
4170,2,6,10.0,2.6,3.4
4171,2,6,9.35,2.6,3.7
4172,2,6,7.18,2.35,3.19
4173,2,6,9.95,2.6,3.8
4174,2,6,7.95,2.5,3.2
4175,2,6,9.7,2.6,3.1
4176,3,10,7.73,2.6,2.93
4177,3,10,7.1,2.6,3.3
4178,2,6,5.99,2.44,2.68
4179,3,10,8.49,2.6,3.88
4180,3,10,7.9,2.6,3.35
4181,3,10,11.1,2.6,3.95
4182,3,,9.55,2.6,3.8
4183,3,10,8.09,2.49,3.52
4184,3,,8.95,2.5,4.0
4185,3,10,7.89,2.6,3.45
4186,3,10,7.12,2.487,3.616
4187,3,10,7.83,2.6,2.75
4188,3,10,10.9,2.44,3.85
4189,2,6,9.0,2.5,3.3
4190,2,6,8.7,2.54,3.6
4191,4,12,11.85,2.6,3.8
4192,3,10,7.8,2.56,3.55
4193,3,10,10.65,2.6,3.65
4194,3,10,10.85,2.6,3.4
4195,3,,9.75,2.6,3.74
4196,2,6,9.7,2.6,3.85
4197,2,6,9.8,2.5,4.0
4198,2,6,8.92,2.6,3.25
4199,3,10,10.6,2.6,3.65
4200,3,10,7.925,2.6,3.465
4201,3,10,10.7,2.6,3.75
4202,3,10,11.8,2.6,3.85
4203,2,6,6.2,2.438,2.684
4204,2,6,9.1,2.6,3.36
4205,2,6,8.55,2.05,3.58
4206,2,6,9.5,2.6,3.45
4207,2,6,9.63,2.6,4.1
4208,2,,8.86,2.5,3.0
4209,2,6,9.655,2.6,3.99
4210,2,6,9.55,2.6,3.45
4211,2,6,8.79,2.6,3.5
4212,2,6,8.125,2.486,3.27
4213,3,10,9.18,2.486,2.767
4214,2,6,5.9,2.6,2.747
4215,2,6,9.3,2.6,3.35
4216,3,10,7.84,2.5,3.31
4217,2,6,9.35,2.6,3.45
4218,2,6,10.8,2.6,3.8
4219,2,6,8.71,2.5,3.4
4220,2,6,8.7,2.5,3.75
4221,2,6,9.61,2.6,4.1
4222,3,10,11.0,2.6,3.9
4223,3,10,9.8,2.6,3.3
4224,3,10,8.95,2.6,4.0
4225,2,6,8.765,2.486,3.6
4226,3,10,9.71,2.6,3.38
4227,2,6,11.8,2.606,4.1
4228,3,10,7.74,2.6,3.4
4229,3,10,8.1,2.6,3.6
4230,3,10,8.1,2.6,3.4
4231,3,10,7.5,2.5,3.38
4232,3,10,11.4,2.6,3.65
4233,2,6,11.2,2.6,4.1
4234,3,10,7.67,2.6,3.42
4235,3,10,11.5,2.486,4.1
4236,2,6,9.8,2.55,3.8
4237,3,10,10.0,2.41,3.4
4238,2,6,10.03,2.6,3.98
4239,2,6,9.9,2.55,3.9
4240,3,10,9.78,2.5,3.65
4241,3,10,9.95,2.6,3.3
4242,3,10,9.8,2.45,3.0
4243,2,6,8.234,2.57,3.586
4244,3,10,7.77,2.6,3.34
4245,2,6,10.1,2.6,3.8
4246,3,10,12.27,2.6,4.1
4247,2,6,9.9,2.6,3.28
4248,4,12,10.1,2.6,3.74
4249,3,10,8.3,2.6,3.1
4250,2,6,10.0,2.6,3.9
4251,2,6,10.09,2.6,4.1
4252,2,6,9.3,2.55,3.4
4253,4,12,10.8,2.6,3.2
4254,3,10,9.4,2.6,3.7
4255,3,10,7.83,2.6,2.7
4256,2,6,10.05,2.6,3.7
4257,2,6,9.89,2.6,3.93
4258,4,14,11.8,2.6,3.9
4259,3,10,7.7,2.6,3.25
4260,3,10,9.452,2.494,3.63
4261,4,12,12.4,2.6,3.7
4262,3,10,9.3,2.6,3.45
4263,2,6,8.9,2.6,3.7
4264,2,6,9.9,2.5,2.75
4265,3,10,10.15,2.6,3.92
4266,3,10,10.95,2.6,4.2
4267,2,6,9.5,2.6,3.1
4268,2,6,7.7,2.6,2.85
4269,2,6,9.5,2.5,2.8
4270,2,6,9.3,2.6,2.85
4271,2,6,9.5,2.6,3.48
4272,2,6,9.05,2.6,2.55
4273,2,6,9.55,2.6,3.85
4274,2,6,11.75,2.6,4.1
4275,2,6,9.65,2.6,3.3
4276,2,6,6.2,2.486,3.2
4277,2,6,10.0,2.6,3.72
4278,3,10,8.0,2.6,3.3
4279,4,12,10.9,2.6,4.1
4280,2,6,9.27,2.45,2.7
4281,3,10,7.35,2.6,3.75
4282,3,10,7.75,2.6,2.8
4283,2,6,8.73,2.41,3.4
4284,2,6,6.0,2.44,2.68
4285,2,6,9.8,2.6,3.55
4286,3,10,10.81,2.6,4.02
4287,3,10,8.315,2.58,3.935
4288,2,6,8.89,2.6,3.96
4289,3,10,10.0,2.6,3.44
4290,2,6,9.965,2.6,3.4
4291,3,10,7.85,2.6,2.7
4292,2,,8.4,2.5,2.74
4293,2,6,10.1,2.6,3.5
4294,3,10,9.3,2.6,2.747
4295,2,6,8.8,2.5,2.9
4296,2,6,8.73,2.41,3.55
4297,2,6,8.8,2.486,3.32
4298,2,6,9.7,2.6,3.55
4299,3,,8.24,2.55,3.54
4300,3,10,7.9,2.6,3.45
4301,2,6,9.35,2.5,3.5
4302,2,6,9.7,2.55,3.5
4303,2,6,6.95,2.5,3.1
4304,3,10,9.26,2.6,3.5
4305,2,6,9.1,2.48,3.9
4306,2,6,9.4,2.5,3.7
4307,2,6,8.7,2.6,3.5
4308,2,6,8.73,2.41,3.05
4309,3,10,12.69,2.6,4.1
4310,2,6,9.3,2.6,3.63
4311,3,10,8.2,2.5,4.3
4312,2,6,9.0,2.55,3.8
4313,2,6,10.6,2.6,3.8
4314,3,10,7.9,2.6,3.47
4315,3,10,8.765,2.6,2.747
4316,3,10,10.86,2.6,4.1
4317,2,6,9.35,2.5,2.95
4318,2,6,9.7,2.6,3.57
4319,3,10,9.11,2.6,3.58
4320,3,10,9.5,2.49,3.2
4321,3,10,7.81,2.6,3.45
4322,2,,10.641,2.486,3.64
4323,2,6,9.05,2.6,3.4
4324,2,,9.0,2.6,2.8
4325,3,10,10.6,2.65,4.1
4326,3,10,10.9,2.6,3.65
4327,3,10,12.85,2.6,4.08
4328,2,6,9.5,2.55,3.6
4329,2,6,8.7,2.6,3.55
4330,3,10,9.3,2.6,3.33
4331,2,6,7.6,2.6,3.15
4332,2,6,7.755,2.582,3.951
4333,2,6,7.96,2.6,3.745
4334,3,10,10.64,2.5,3.5
4335,3,10,7.675,2.5,3.485
4336,2,6,8.8,2.5,3.4
4337,2,6,8.8,2.45,3.9
4338,2,6,9.8,2.6,3.35
4339,3,10,11.4,2.6,3.77
4340,3,10,9.4,2.5,3.13
4341,2,6,9.4,2.6,3.0
4342,4,12,12.467,2.6,3.65
4343,3,10,9.15,2.6,3.4
4344,3,10,13.2,2.6,4.2
4345,2,6,10.56,2.6,3.76
4346,3,10,9.5,2.6,4.05
4347,2,6,9.0,2.6,4.0
4348,2,6,8.3,2.6,3.6
4349,2,6,8.1,2.6,3.35
4350,2,6,9.27,2.54,3.02
4351,2,6,9.7,2.6,3.45
4352,2,6,9.15,2.6,3.25
4353,2,6,9.8,2.6,3.65
4354,3,,9.27,2.438,2.7
4355,2,6,8.78,2.6,3.5
4356,2,6,10.0,2.6,3.65
4357,3,10,8.15,2.6,3.1
4358,2,6,8.7,2.46,3.05
4359,2,6,9.76,2.6,3.57
4360,3,10,11.093,2.6,3.681
4361,3,10,10.2,2.58,3.7
4362,2,,8.1,2.6,3.35
4363,2,,9.3,2.6,3.83
4364,2,6,6.92,2.6,3.06
4365,2,6,9.1,2.55,2.7
4366,3,10,9.1,2.6,3.52
4367,3,10,7.85,2.6,3.49
4368,3,10,8.05,2.5,3.68
4369,3,10,8.27,2.6,3.4
4370,2,6,8.35,2.6,3.49
4371,2,6,8.4,2.6,3.5
4372,2,6,8.06,2.52,2.95
4373,3,10,7.75,2.6,4.13
4374,3,10,8.5,2.5,3.38
4375,3,,7.68,2.48,3.31
4376,3,,8.0,2.56,3.48
4377,3,10,7.79,2.6,3.44
4378,3,10,7.45,2.6,3.85
4379,3,10,6.9,2.4,3.26
4380,3,10,7.4,2.48,3.31
4381,3,10,7.85,2.6,3.47
4382,3,10,10.1,2.6,3.75
4383,2,,8.2,2.5,3.6
4384,3,10,7.7,2.6,3.65
4385,2,6,8.2,2.5,3.6
4386,2,6,6.91,2.45,2.9
4387,2,,8.0,2.6,3.57
4388,2,6,9.82,2.51,3.4
4389,2,,8.35,2.6,3.55
4390,2,6,8.4,2.51,3.4
4391,2,6,7.94,2.52,3.53
4392,2,6,8.2,2.6,3.65
4393,2,6,7.02,2.6,3.6
4394,2,,8.8,2.56,3.55
4395,2,6,8.85,2.6,3.6
4396,2,6,8.096,2.6,3.6
4397,3,10,8.2,2.6,3.2
4398,3,10,8.2,2.6,3.35
4399,3,10,8.8,2.6,4.1
4400,3,10,7.926,2.6,3.41
4401,3,10,8.2,2.6,3.4
4402,3,10,7.724,2.6,3.499
4403,3,10,7.75,2.6,3.5
4404,3,10,7.41,2.49,3.32
4405,3,10,7.5,2.5,3.3
4406,3,10,8.5,2.5,4.0
4407,2,6,8.0,2.6,3.7
4408,3,10,8.45,2.6,3.6
4409,2,6,6.87,2.5,3.385
4410,3,10,7.5,2.6,3.5
4411,2,6,7.5,2.6,3.2
4412,2,6,7.96,2.6,3.0
4413,2,6,7.125,2.45,3.07
4414,2,6,7.43,2.6,3.13
4415,2,6,7.6,2.6,3.4
4416,2,6,6.915,2.485,2.866
4417,3,10,7.4,2.5,3.38
4418,2,6,6.98,2.44,3.38
4419,2,6,7.65,2.55,3.1
4420,2,6,7.6,2.6,4.1
4421,3,,9.58,2.51,3.55
4422,3,10,9.58,2.51,3.55
4423,3,10,8.1,2.56,3.35
4424,3,,7.68,2.6,3.0
4425,4,12,10.7,2.6,3.55
4426,3,10,10.25,2.6,3.9
4427,3,10,9.28,2.6,3.55
4428,2,6,7.9,2.4,4.05
4429,3,10,7.9,2.6,4.05
4430,3,10,7.75,2.6,3.55
4431,3,10,7.45,2.6,2.9
4432,2,6,10.54,2.6,4.1
4433,3,10,11.82,2.6,4.05
4434,4,12,11.2,2.6,3.52
4435,3,10,10.62,2.6,3.85
4436,3,,9.71,2.48,2.74
4437,4,12,11.0,2.6,3.2
4438,3,10,8.45,2.6,4.1
4439,3,10,10.2,2.6,3.0
4440,3,10,10.44,2.6,4.1
4441,3,10,7.625,2.5,3.27
4442,3,10,9.95,3.08,4.08
4443,3,10,10.25,2.6,3.75
4444,3,10,9.74,2.6,3.6
4445,3,10,8.8,2.5,3.3
4446,3,,9.71,2.48,3.2
4447,3,10,9.06,2.5,3.07
4448,3,,8.45,2.48,2.99
4449,3,10,9.83,2.6,4.1
4450,3,10,13.3,2.6,4.1
4451,3,10,8.0,2.55,4.1
4452,3,10,11.6,2.6,4.2
4453,3,10,10.84,2.6,3.28
4454,3,10,7.79,2.6,3.31
4455,3,10,7.62,2.5,3.23
4456,3,10,9.72,2.49,3.25
4457,3,10,10.0,2.6,4.0
4458,2,10,11.0,2.3,3.2
4459,3,10,9.63,2.6,3.2
4460,3,10,8.95,2.46,3.5
4461,3,10,10.85,2.6,3.45
4462,3,10,7.65,2.6,3.1
4463,3,10,7.795,2.6,3.445
4464,4,14,11.8,2.6,3.8
4465,2,6,8.2,2.6,3.0
4466,3,10,10.5,2.65,3.87
4467,3,10,8.48,2.6,4.07
4468,4,,8.6,2.6,4.0
4469,3,10,10.55,2.6,3.7
4470,3,10,8.1,2.6,3.5
4471,3,10,9.6,2.52,3.05
4472,3,10,9.72,2.5,2.75
4473,3,10,7.8,2.6,3.8
4474,4,12,11.25,2.6,3.45
4475,3,10,10.3,2.6,3.5
4476,3,10,10.6,2.6,3.8
4477,3,10,10.21,2.51,3.58
4478,3,10,7.68,2.6,3.15
4479,3,10,10.22,2.6,3.45
4480,3,10,10.0,2.7,3.5
4481,4,12,12.52,2.6,3.7
4482,2,6,8.65,2.6,9.9
4483,3,10,8.77,2.5,3.31
4484,3,10,14.7,2.6,4.3
4485,3,10,7.4,2.6,3.32
4486,3,10,7.83,2.6,3.46
4487,3,10,11.45,2.6,4.0
4488,3,10,11.3,2.6,4.01
4489,3,,10.72,2.49,2.95
4490,2,6,6.5,2.5,2.5
4491,2,6,10.15,2.6,3.92
4492,3,10,10.65,2.55,3.45
4493,4,12,8.73,2.6,3.45
4494,4,12,10.25,2.6,2.85
4495,3,,9.7,2.5,3.2
4496,4,12,11.9,2.6,3.86
4497,2,6,8.66,2.43,2.68
4498,2,6,8.93,2.6,4.0
4499,4,12,11.35,2.6,3.6
4500,4,12,8.44,2.6,3.37
4501,3,10,10.9,2.5,3.85
4502,4,12,10.65,2.6,3.67
4503,4,12,12.9,2.6,3.65
4504,3,10,10.35,2.6,3.68
4505,2,6,8.95,2.6,3.2
4506,2,6,8.64,2.6,4.1
4507,3,10,11.25,2.6,3.6
4508,3,10,9.52,2.6,3.29
4509,3,10,8.5,2.6,4.1
4510,3,10,7.602,2.5,3.25
4511,3,10,11.11,2.6,3.53
4512,3,10,7.82,2.6,3.35
4513,3,,10.271,2.486,3.6
4514,3,10,10.9,2.56,3.6
4515,4,12,8.34,2.6,3.81
4516,3,10,11.17,2.6,3.95
4517,3,10,7.67,2.55,3.21
4518,3,10,11.1,2.6,3.53
4519,3,10,8.85,2.6,4.08
4520,3,,10.2,2.486,3.593
4521,4,12,12.35,2.6,4.15
4522,2,6,9.1,2.5,3.4
4523,3,10,11.15,2.6,3.4
4524,2,6,10.4,2.6,3.6
4525,4,12,9.76,2.6,3.85
4526,3,10,10.8,2.52,2.75
4527,3,,10.37,2.5,3.7
4528,3,10,11.48,2.6,4.1
4529,3,10,10.72,2.6,3.5
4530,2,6,9.5,2.5,3.5
4531,3,10,9.3,2.5,2.8
4532,2,6,9.2,2.6,3.61
4533,2,6,10.6,2.6,3.5
4534,3,10,11.35,2.6,4.1
4535,3,10,13.5,2.6,4.1
4536,3,,9.98,2.6,3.6
4537,3,10,11.0,2.6,3.92
4538,3,,8.2,2.6,3.4
4539,2,6,11.6,2.6,4.02
4540,2,6,6.5,2.42,2.68
4541,3,10,9.36,2.6,3.3
4542,4,12,8.7,2.6,3.7
4543,3,10,7.41,2.48,3.2
4544,2,6,8.61,2.53,3.46
4545,3,10,7.8,2.6,3.2
4546,2,6,8.73,2.6,3.38
4547,2,6,8.5,2.5,3.1
4548,3,10,10.665,2.6,3.85
4549,4,12,9.8,2.6,3.3
4550,4,12,10.9,2.6,3.7
4551,3,10,10.72,2.6,3.65
4552,4,12,10.85,2.6,3.5
4553,3,10,9.0,2.6,3.29
4554,3,10,11.15,2.6,4.1
4555,3,10,10.715,2.486,3.52
4556,4,12,12.0,2.6,3.6
4557,4,14,11.2,2.6,3.9
4558,3,10,7.685,2.6,3.33
4559,3,10,11.3,2.6,3.75
4560,3,10,10.55,2.6,3.55
4561,4,12,11.6,2.6,3.4
4562,2,6,7.51,2.51,3.32
4563,3,10,12.2,2.6,4.05
4564,3,10,9.4,2.45,3.45
4565,3,10,10.5,2.6,3.75
4566,4,12,7.95,2.6,3.5
4567,3,10,11.71,2.6,4.1
4568,2,6,8.66,2.5,3.23
4569,2,,6.3,2.43,2.68
4570,3,10,11.64,2.6,4.1
4571,3,10,10.85,2.6,3.6
4572,3,10,10.85,2.6,4.1
4573,2,6,8.56,2.6,3.5
4574,4,12,10.4,2.6,4.05
4575,3,10,8.24,2.55,3.54
4576,3,10,10.8,2.6,3.85
4577,3,10,7.83,2.6,3.31
4578,3,10,7.63,2.5,3.27
4579,3,,9.8,2.6,3.5
4580,3,10,11.2,2.6,4.2
4581,3,,10.32,2.486,3.593
4582,2,6,7.33,2.6,3.77
4583,3,10,10.75,2.49,2.86
4584,3,10,12.0,2.6,4.01
4585,3,10,7.75,2.6,3.63
4586,3,10,11.1,2.6,3.5
4587,3,10,10.0,2.6,3.15
4588,3,,7.67,2.55,3.14
4589,3,10,7.6,2.6,3.3
4590,3,10,10.9,2.6,4.13
4591,3,10,10.95,2.6,3.91
4592,3,10,11.05,2.6,3.5
4593,3,,7.64,2.5,3.38
4594,3,10,12.1,2.6,3.7
4595,2,6,11.35,2.5,4.1
4596,3,10,11.022,2.6,3.597
4597,2,6,6.64,2.505,3.045
4598,3,10,9.95,2.6,3.64
4599,3,,7.68,2.68,3.33
4600,2,6,8.85,2.44,2.9
4601,4,12,10.3,2.6,3.8
4602,3,10,10.97,2.5,3.9
4603,3,10,11.55,2.6,3.7
4604,4,12,11.65,2.6,4.0
4605,3,10,10.9,2.6,2.9
4606,3,10,11.2,2.6,3.72
4607,3,10,7.75,2.6,2.58
4608,2,6,9.35,2.6,3.92
4609,4,12,11.93,2.6,3.75
4610,3,10,11.0,2.6,3.27
4611,3,,9.515,2.55,3.44
4612,4,12,11.96,2.6,4.05
4613,4,12,8.9,2.6,3.65
4614,4,12,8.72,2.6,3.52
4615,4,12,11.07,2.5,3.95
4616,3,10,12.15,2.6,3.2
4617,3,10,10.955,2.6,4.05
4618,3,10,9.3,2.5,3.6
4619,3,10,10.75,2.5,3.0
4620,3,10,10.2,2.5,3.6
4621,2,6,9.89,2.6,3.95
4622,4,12,11.3,2.6,3.3
4623,3,10,7.405,2.6,3.62
4624,3,10,11.44,2.6,3.7
4625,2,6,8.8,2.6,3.74
4626,3,10,8.505,2.55,3.28
4627,3,10,10.5,2.52,3.9
4628,3,10,11.15,2.6,4.0
4629,3,10,11.4,2.6,3.88
4630,3,10,12.2,2.6,4.2
4631,3,10,7.6,2.55,3.29
4632,3,10,10.9,2.5,3.6
4633,3,10,10.74,2.6,3.33
4634,3,10,10.641,2.6,2.95
4635,3,10,10.93,2.6,3.92
4636,4,12,12.5,2.6,4.2
4637,3,10,12.1,2.6,4.0
4638,3,10,11.5,2.486,4.0
4639,3,10,12.3,2.6,3.67
4640,3,10,10.35,2.6,3.35
4641,3,10,10.82,2.6,3.64
4642,3,10,10.641,2.486,3.261
4643,4,14,11.7,2.6,4.0
4644,2,6,6.69,2.6,2.7
4645,2,6,8.67,2.44,2.69
4646,2,6,8.93,2.6,3.74
4647,3,10,8.269,2.6,4.0
4648,3,10,8.286,2.6,3.933
4649,2,6,9.15,2.6,3.5
4650,3,10,8.31,2.6,3.929
4651,3,8,6.88,2.49,2.88
4652,3,10,8.23,2.6,3.67
4653,3,10,9.1,2.46,3.77
4654,3,10,7.2,2.6,3.15
4655,3,10,8.26,2.6,3.933
4656,3,10,8.327,2.6,3.929
4657,3,10,8.2,2.6,3.67
4658,3,10,8.2,2.6,3.7
4659,3,10,8.22,2.6,3.7
4660,3,10,8.186,2.6,3.989
4661,4,12,8.75,2.6,3.84
4662,4,,8.8,2.6,3.93
4663,4,12,8.8,2.6,3.93
4664,4,12,11.7,2.6,4.03
4665,3,10,6.967,2.5,3.721
4666,2,6,7.39,2.6,2.92
4667,2,6,9.1,2.5,3.25
4668,2,,8.8,2.44,2.7
4669,3,10,11.3,2.6,3.64
4670,3,10,9.215,2.5,3.95
4671,3,10,8.302,2.487,3.287
4672,2,6,6.0,2.5,3.55
4673,2,6,6.9,2.5,3.9
4674,2,6,8.72,2.55,3.47
4675,3,10,9.5,2.5,3.9
4676,4,14,11.47,2.6,4.1
4677,3,10,9.21,2.48,3.4
4678,3,10,8.7,2.6,3.75
4679,3,10,8.5,2.6,3.4
4680,3,10,7.78,2.55,3.33
4681,3,10,7.5,2.55,3.51
4682,3,10,9.7,2.5,4.0
4683,3,10,9.3,2.6,3.8
4684,3,10,10.54,2.49,3.8
4685,2,6,6.94,2.0,2.8
4686,3,6,10.18,2.5,3.8
4687,3,10,10.8,2.5,3.8
4688,3,10,10.0,0.0,3.9
4689,2,6,8.2,2.5,3.5
4690,2,6,9.5,2.5,3.75
4691,2,6,6.05,2.5,2.9
4692,2,4,6.55,2.4,3.5
4693,3,10,11.78,2.53,4.0
4694,3,10,11.35,2.5,4.0
4695,3,10,11.94,2.5,3.9
4696,3,10,11.69,2.5,4.0
4697,2,6,8.7,2.6,3.4
4698,2,6,8.9,2.43,2.98
4699,2,6,9.23,2.6,3.8
4700,3,10,10.3,2.6,3.53
4701,4,12,11.5,2.6,3.5
4702,2,6,8.0,2.43,2.68
4703,2,6,10.0,2.6,3.76
4704,4,12,11.6,2.6,3.95
4705,4,12,10.4,2.6,3.97
4706,4,12,10.1,2.6,3.95
4707,4,12,9.5,2.6,3.61
4708,3,10,8.14,2.6,3.65
4709,3,10,7.8,2.6,3.6
4710,3,10,7.95,2.6,3.6
4711,3,10,8.6,2.6,3.5
4712,3,10,9.5,2.4,3.67
4713,3,10,10.22,2.6,3.85
4714,4,,10.15,2.6,3.4
4715,3,10,9.38,2.6,3.8
4716,3,10,9.515,2.55,3.44
4717,3,10,9.14,2.6,3.95
4718,4,14,11.35,2.6,3.95
4719,3,10,10.31,2.49,2.94
4720,3,10,10.82,2.6,3.85
4721,3,10,9.64,2.6,3.46
4722,3,10,7.5,2.6,3.8
4723,3,10,9.64,2.6,3.22
4724,3,10,7.86,2.6,3.44
4725,3,10,8.35,2.6,3.32
4726,3,10,7.8,2.5,3.3
4727,3,10,7.64,2.6,3.33
4728,3,10,7.82,2.6,3.31
4729,3,10,7.84,2.6,3.31
4730,3,10,8.5,2.6,3.1
4731,3,10,7.84,2.487,4.07
4732,3,10,7.801,2.6,3.62
4733,2,6,7.15,2.56,3.7
4734,2,6,8.1,2.6,3.3
4735,2,6,6.71,2.441,3.36
4736,3,10,7.5,2.49,3.3
4737,2,6,7.27,2.55,3.7
4738,3,10,7.208,2.5,4.0
4739,2,6,5.858,2.5,4.0
4740,3,10,7.15,2.5,4.0
4741,4,12,11.87,2.6,3.85
4742,4,12,8.991,2.6,3.996
4743,4,12,8.991,2.6,3.968
4744,4,12,10.7,2.6,3.885
4745,4,12,8.8,2.6,3.94
4746,4,12,11.42,2.6,3.85
4747,4,12,8.971,2.6,3.943
4748,4,12,11.98,2.6,3.894
4749,4,12,12.3,2.6,3.85
4750,4,12,11.15,2.6,3.9
4751,4,12,9.7,2.6,4.1
4752,3,10,8.259,2.6,3.936
4753,3,10,8.308,2.6,3.767
4754,3,10,8.308,2.6,3.766
4755,3,10,8.308,2.6,3.739
4756,3,10,8.308,2.6,3.737
4757,3,10,8.308,2.6,3.75
4758,3,10,8.6,2.6,4.0
4759,3,10,8.308,2.6,3.765
4760,3,10,8.308,2.6,3.759
4761,3,10,7.38,2.6,3.0
4762,3,10,8.17,2.6,3.57
4763,3,10,9.068,2.6,3.815
4764,3,10,8.2,2.6,3.56
4765,3,6,6.75,2.5,3.657
4766,4,12,8.675,2.6,3.72
4767,4,12,9.3,2.8,4.05
4768,3,10,8.24,2.6,3.5
4769,3,10,6.3,2.4,3.05
4770,2,6,7.1,2.5,2.8
4771,2,6,8.8,2.4,3.75
4772,2,6,7.966,2.3,3.0
4773,2,6,8.45,2.4,3.67
4774,2,6,8.5,2.41,3.39
4775,2,6,8.5,2.4,3.35
4776,2,6,7.7,2.42,2.6
4777,2,6,8.0,2.3,3.25
4778,2,,8.0,2.176,2.48
4779,2,6,6.7,2.1,2.05
4780,2,6,6.53,2.15,2.75
4781,2,6,7.33,2.27,2.4
4782,2,6,7.41,2.5,2.76
4783,2,6,8.3,2.45,3.4
4784,2,6,7.35,2.4,3.5
4785,2,6,8.32,2.25,3.9
4786,2,6,9.0,2.6,3.95
4787,2,6,8.65,2.43,2.48
4788,2,6,8.32,2.6,3.2
4789,2,6,7.434,2.25,2.98
4790,2,6,7.15,2.2,2.48
4791,2,6,7.1,2.4,2.72
4792,2,6,7.45,2.22,3.5
4793,3,10,9.7,2.57,4.1
4794,3,10,8.8,2.6,4.0
4795,3,10,9.2,2.55,3.5
4796,3,10,11.45,2.6,3.5
4797,3,10,11.83,2.6,3.8
4798,3,10,11.5,2.6,4.2
4799,4,12,10.7,2.6,3.5
4800,3,10,8.8,2.6,3.98
4801,3,10,9.135,2.59,4.1
4802,3,10,8.7,2.6,3.95
4803,3,10,8.4,2.6,3.95
4804,3,10,7.75,2.55,3.75
4805,4,12,10.18,2.41,4.05
4806,4,12,10.8,2.6,3.6
4807,3,,10.55,2.6,3.85
4808,3,10,9.7,2.57,3.97
4809,3,,9.12,2.6,4.08
4810,3,10,9.12,2.6,4.08
4811,3,10,9.09,2.6,4.082
4812,4,12,10.55,2.6,3.68
4813,3,,10.29,2.6,3.8
4814,3,10,7.28,2.5,3.048
4815,3,10,8.0,2.57,3.08
4816,3,10,9.4,2.5,3.68
4817,3,10,10.0,2.55,3.5
4818,4,12,9.84,2.5,3.3
4819,4,12,9.13,2.5,2.8
4820,4,12,9.84,2.47,3.2
4821,3,10,9.87,2.575,3.68
4822,3,10,9.36,2.6,3.89
4823,3,10,9.85,2.6,3.2
4824,3,10,9.3,2.6,4.0
4825,4,12,10.05,2.6,3.85
4826,3,10,9.44,2.6,3.71
4827,3,10,9.793,2.6,3.375
4828,3,10,9.84,2.6,3.5
4829,4,12,9.84,2.55,4.0
4830,3,10,9.85,2.6,3.95
4831,3,10,9.9,2.5,4.0
4832,3,10,10.2,2.6,3.615
4833,3,10,9.9,2.5,3.4
4834,3,10,8.9,2.6,3.34
4835,3,10,9.885,2.57,3.58
4836,3,10,9.52,2.6,4.1
4837,3,10,10.14,2.6,3.4
4838,3,,9.9,2.5,3.5
4839,3,10,10.34,2.6,3.9
4840,3,10,10.0,2.6,3.84
4841,4,12,10.538,2.6,4.0
4842,4,,12.2,2.58,3.3
4843,4,12,12.25,2.6,2.95
4844,4,12,12.25,2.58,3.8
4845,4,12,9.2,2.6,3.65
4846,4,12,12.7,2.6,4.05
4847,4,12,10.7,2.6,4.0
4848,3,10,11.1,2.6,3.56
4849,4,12,10.28,2.6,4.1
4850,4,12,11.9,2.6,3.1
4851,3,,9.9,2.35,3.8
4852,3,,10.85,2.6,3.2
4853,2,10,11.0,2.6,4.0
4854,3,,9.9,2.56,3.61
4855,3,10,11.45,2.6,3.85
4856,3,10,10.061,2.6,4.0
4857,3,10,11.586,2.6,3.829
4858,3,10,11.7,2.6,3.35
4859,3,10,9.0,2.6,2.7
4860,4,14,11.9,2.6,3.5
4861,4,12,11.75,2.6,4.1
4862,3,10,11.5,2.6,3.52
4863,4,14,11.65,2.6,3.75
4864,3,10,9.9,2.5,3.65
4865,4,12,12.1,2.6,3.75
4866,3,10,10.14,2.6,3.6
4867,3,10,12.4,2.6,4.1
4868,4,14,11.35,2.6,3.75
4869,4,14,11.3,2.6,3.7
4870,4,14,12.9,2.6,4.1
4871,4,14,12.3,2.6,3.8
4872,4,12,11.93,2.6,3.6
4873,3,10,11.7,2.6,4.0
4874,3,10,11.65,2.6,4.1
4875,3,10,10.6,2.57,3.56
4876,4,14,12.0,2.6,3.7
4877,3,10,11.32,2.5,4.1
4878,4,14,11.35,2.6,3.55
4879,4,14,11.6,2.6,3.65
4880,4,12,11.043,2.6,3.67
4881,3,10,9.9,2.55,3.7
4882,4,14,11.9,2.6,4.0
4883,3,10,11.45,2.6,4.1
4884,3,10,10.488,2.486,3.685
4885,4,12,11.55,2.6,3.8
4886,4,12,11.75,2.6,3.8
4887,3,10,11.65,2.6,3.75
4888,3,10,10.2,2.6,3.58
4889,3,10,11.8,2.6,3.65
4890,3,,9.84,2.6,3.4
4891,4,12,10.0,2.6,3.55
4892,3,10,11.35,2.6,3.3
4893,3,,9.0,2.4,3.3
4894,3,10,9.9,2.5,3.539
4895,4,14,11.6,2.6,3.9
4896,2,,9.2,2.6,3.5
4897,2,6,7.55,2.6,3.69
4898,2,6,9.25,2.6,3.8
4899,2,6,9.35,2.6,3.8
4900,2,6,9.35,2.486,3.2
4901,2,6,8.84,2.6,3.464
4902,2,6,9.7,2.6,4.05
4903,3,10,11.2,2.6,3.63
4904,2,6,6.05,2.486,3.2
4905,2,6,10.865,2.6,4.1
4906,2,6,7.78,2.5,2.774
4907,2,6,11.74,2.6,4.1
4908,2,6,8.98,2.54,3.78
4909,2,6,9.03,2.6,3.6
4910,3,10,10.99,2.6,3.23
4911,2,6,6.0,2.486,3.2
4912,2,6,9.23,2.6,3.52
4913,2,6,9.26,2.6,3.35
4914,2,6,9.32,2.6,3.22
4915,2,6,7.1,2.5,3.2
4916,2,6,8.6,2.6,3.8
4917,2,6,9.8,2.5,3.7
4918,3,10,9.4,2.5,3.7
4919,3,10,10.992,2.59,3.65
4920,3,10,11.95,2.6,3.4
4921,3,10,11.72,2.6,4.1
4922,2,6,9.4,2.6,3.25
4923,3,10,9.25,2.6,3.232
4924,3,10,11.03,2.6,4.1
4925,3,10,11.53,2.6,4.1
4926,2,,8.8,2.5,3.5
4927,2,6,10.15,2.6,3.75
4928,3,10,11.65,2.6,3.95
4929,2,6,9.6,2.6,3.55
4930,3,10,10.5,2.6,3.85
4931,3,10,8.8,2.6,3.85
4932,2,6,9.4,2.6,3.42
4933,3,10,10.32,2.55,3.9
4934,2,6,8.0,2.5,2.77
4935,2,6,9.599,2.6,3.641
4936,2,6,7.564,2.582,4.1
4937,2,,9.0,2.5,3.4
4938,3,10,9.43,2.6,3.75
4939,2,6,8.16,2.494,3.59
4940,2,6,10.45,2.6,4.0
4941,2,6,8.25,2.6,3.75
4942,2,6,8.85,2.52,3.4
4943,2,6,7.64,2.6,2.7
4944,2,6,8.8,2.6,3.4
4945,2,6,10.34,2.6,3.67
4946,2,6,8.73,2.49,3.0
4947,2,6,9.03,2.6,3.0
4948,2,6,9.19,2.6,3.74
4949,2,6,9.25,2.5,3.2
4950,2,6,9.8,2.6,3.5
4951,2,6,8.8,2.6,3.15
4952,3,10,10.3,2.6,3.1
4953,2,6,9.6,2.55,3.96
4954,2,6,9.5,2.55,3.95
4955,2,6,9.95,2.6,4.0
4956,2,6,7.945,2.4,3.62
4957,2,6,9.3,2.5,3.4
4958,2,6,9.05,2.55,3.79
4959,2,6,9.08,2.5,3.5
4960,2,6,9.45,2.6,3.25
4961,2,6,9.2,2.55,3.8
4962,2,6,7.639,2.42,3.674
4963,2,6,9.6,2.6,4.0
4964,3,10,10.93,2.6,3.25
4965,2,6,10.3,2.6,4.1
4966,2,6,9.75,2.6,4.01
4967,2,6,8.721,2.6,3.3
4968,2,6,9.049,2.6,3.674
4969,2,6,8.25,2.5,3.25
4970,2,6,9.8,2.6,2.8
4971,2,6,9.93,2.6,3.9
4972,2,6,8.75,2.6,3.7
4973,2,6,10.15,2.6,3.9
4974,2,6,8.73,2.49,2.8
4975,2,6,9.05,2.6,2.96
4976,2,6,10.83,2.5,3.0
4977,2,6,8.6,2.3,3.35
4978,2,6,9.25,2.6,3.1
4979,2,6,9.48,2.6,3.47
4980,2,6,8.8,2.6,3.8
4981,2,6,9.8,2.7,3.8
4982,2,6,9.85,2.6,4.1
4983,3,10,8.86,2.6,3.46
4984,2,6,9.2,2.6,3.48
4985,2,6,8.8,2.6,3.45
4986,2,6,10.94,2.6,4.0
4987,2,6,9.6,2.6,3.5
4988,2,,8.73,2.4,3.35
4989,2,6,9.3,2.5,3.8
4990,2,6,8.95,2.54,3.75
4991,2,6,8.8,2.5,3.3
4992,2,,8.35,2.48,3.0
4993,2,6,8.5,2.6,3.0
4994,2,6,8.56,2.55,3.65
4995,2,6,8.5,2.6,3.6
4996,2,6,9.05,2.6,3.8
4997,2,6,8.8,2.42,3.6
4998,4,12,12.35,2.6,3.8
4999,3,10,11.1,2.6,3.57
5000,4,12,10.7,2.6,3.9
5001,3,,10.65,2.5,3.2
5002,4,12,11.65,2.6,3.8
5003,3,10,11.25,2.58,3.84
5004,3,10,9.63,2.6,2.93
5005,4,12,12.0,2.6,2.93
5006,3,10,10.6,2.6,3.85
5007,2,6,9.25,2.6,3.79
5008,2,6,9.35,2.6,3.84
5009,2,6,8.5,2.55,3.36
5010,3,,8.765,2.486,2.947
5011,3,10,10.13,2.6,3.5
5012,2,6,9.5,2.6,3.3
5013,3,10,5.99,2.49,3.54
5014,2,,8.57,2.5,3.4
5015,2,6,8.95,2.6,3.95
5016,2,6,8.8,2.58,3.0
5017,3,,8.77,2.5,3.2
5018,2,6,9.3,2.5,3.5
5019,3,10,11.3,2.6,2.7
5020,2,6,7.42,2.2,2.85
5021,2,6,8.35,2.4,3.71
5022,2,6,8.3,2.3,3.35
5023,2,6,8.1,2.3,3.2
5024,2,6,8.25,2.4,3.35
5025,2,6,8.6,2.6,4.1
5026,2,6,8.15,2.4,3.5
5027,2,6,8.4,2.25,3.72
5028,2,6,8.19,2.25,3.7
5029,2,6,7.0,2.3,3.695
5030,2,6,7.14,2.25,3.4
5031,2,6,7.4,2.35,2.8
5032,2,6,7.22,2.4,3.575
5033,2,6,5.5,2.6,2.48
5034,2,6,8.8,2.4,3.4
5035,2,6,7.8,2.3,3.0
5036,2,6,7.8,2.5,4.0
5037,2,6,7.2,2.3,3.3
5038,2,6,8.5,2.5,3.7
5039,2,6,7.334,2.2,2.78
5040,2,6,10.9,2.6,3.82
5041,2,6,7.4,2.25,3.45
5042,2,6,6.2,2.6,2.48
5043,2,6,7.2,2.25,2.88
5044,2,6,8.1,2.35,3.95
5045,2,6,7.0,2.3,3.7
5046,2,6,7.3,2.3,3.35
5047,2,6,10.9,2.6,3.8
5048,2,6,8.85,2.32,3.28
5049,2,6,6.05,2.3,2.8
5050,2,6,7.134,2.42,3.6
5051,2,6,8.1,2.35,3.6
5052,2,6,7.2,2.44,3.138
5053,2,6,6.24,2.28,2.69
5054,2,6,7.234,2.3,2.75
5055,2,6,7.48,2.4,5.6
5056,2,6,8.284,2.5,3.68
5057,2,6,7.554,2.58,3.68
5058,2,6,7.6,2.4,3.8
5059,2,6,7.6,2.3,3.15
5060,2,6,7.82,2.2,2.972
5061,2,6,7.7,2.35,3.85
5062,2,6,7.35,2.35,3.35
5063,2,6,10.25,2.3,3.65
5064,2,6,7.17,2.3,2.77
5065,2,6,7.7,2.35,3.22
5066,2,6,7.35,2.3,2.8
5067,2,6,7.65,2.25,2.9
5068,2,6,7.624,2.35,2.93
5069,2,6,8.2,2.35,3.75
5070,2,6,7.5,2.3,3.2
5071,2,6,7.15,2.2,2.8
5072,2,6,7.2,2.2,2.5
5073,3,10,10.53,2.6,3.16
5074,2,6,8.8,2.5,3.58
5075,2,6,6.85,2.35,3.5
5076,2,6,6.96,2.46,3.54
5077,3,10,10.9,2.6,2.95
5078,3,10,8.4,2.6,4.0
5079,2,6,8.87,2.6,3.62
5080,3,10,10.65,2.6,3.19
5081,2,6,8.0,2.5,2.8
5082,3,10,9.63,2.43,3.34
5083,3,10,9.8,2.6,3.24
5084,2,,9.91,2.43,3.38
5085,3,10,8.29,2.6,4.0
5086,2,6,6.75,2.5,3.0
5087,2,6,8.3,2.6,3.35
5088,2,6,6.4,2.5,2.45
5089,2,6,9.7,2.5,2.95
5090,2,6,8.4,2.24,3.1
5091,2,6,7.04,2.32,3.18
5092,2,6,7.25,2.26,2.52
5093,2,6,6.88,2.2,2.84
5094,2,6,7.25,2.3,3.12
5095,2,6,6.9,2.25,2.8
5096,2,6,9.1,2.6,3.2
5097,2,6,7.1,2.5,3.5
5098,2,6,8.5,2.5,2.4
5099,2,6,6.75,2.36,2.85
5100,2,6,9.42,2.6,3.8
5101,2,6,8.62,2.5,3.2
5102,2,6,8.22,2.6,3.4
5103,2,6,10.42,2.6,4.0
5104,2,6,7.0,2.5,3.3
5105,2,4,6.225,2.07,2.492
5106,2,4,5.267,2.345,2.417
5107,2,4,4.89,1.92,2.36
5108,2,4,5.1,2.0,2.15
5109,2,4,5.5,2.2,2.3
5110,3,10,7.8,2.45,3.1
5111,2,6,8.0,2.5,3.7
5112,2,6,8.6,2.6,3.1
5113,3,10,8.9,2.6,4.02
5114,3,10,10.35,2.6,3.882
5115,4,14,7.78,2.6,3.951
5116,3,10,11.41,2.5,4.0
5117,4,12,11.2,2.6,3.75
5118,2,6,7.6,2.5,2.96
5119,3,10,9.7,2.6,3.88
5120,3,6,7.28,2.5,3.048
5121,4,12,11.749,2.6,3.81
5122,4,12,12.4,2.6,3.85
5123,3,10,11.3,2.6,3.48
5124,3,10,9.2,2.6,3.65
5125,3,10,8.34,2.6,3.72
5126,3,10,9.9,2.6,3.7
5127,3,10,8.35,2.6,4.1
5128,2,6,7.3,2.3,2.8
5129,2,6,6.7,2.2,3.2
5130,4,12,12.02,2.6,4.04
5131,3,10,10.5,2.5,3.97
5132,3,10,9.95,2.5,3.97
5133,3,10,8.73,2.6,4.1
5134,2,10,6.75,2.5,3.964
5135,3,10,8.308,2.6,3.756
5136,4,12,8.971,2.6,3.874
5137,3,10,9.84,2.57,4.1
5138,4,14,11.5,2.6,3.65
5139,2,6,10.03,2.6,3.8
5140,3,10,6.921,2.5,3.722
5141,4,12,11.98,2.6,4.0
5142,3,10,9.85,2.6,3.85
5143,3,10,9.978,2.558,3.79
5144,3,10,11.22,2.6,4.1
5145,2,6,9.15,2.58,2.85
5146,3,10,10.0,2.55,3.1
5147,2,6,9.3,2.6,3.92
5148,4,12,10.5,2.6,3.35
5149,3,10,8.349,2.6,3.773
5150,2,6,6.5,2.5,2.7
5151,3,10,8.06,2.6,4.1
5152,3,10,11.8,2.6,3.45
5153,4,12,8.67,2.6,3.373
5154,2,6,8.65,2.45,3.75
5155,2,6,8.4,2.5,2.8
5156,2,6,11.1,2.6,4.1
5157,4,12,8.85,2.6,3.9
5158,3,10,11.33,2.55,4.1
5159,4,12,8.9,2.6,3.96
5160,2,6,8.959,2.6,3.7
5161,3,10,8.308,2.6,2.745
5162,2,6,7.15,2.25,2.85
5163,4,12,10.0,2.58,3.5
5164,2,6,7.84,2.3,2.6
5165,4,12,8.999,2.6,4.001
5166,3,10,9.829,2.51,4.1
5167,3,10,8.308,2.5,2.996
5168,4,14,11.4,2.6,3.75
5169,2,6,8.5,2.6,3.8
5170,2,6,8.8,2.486,3.2
5171,3,10,12.9,2.44,4.1
5172,3,10,7.62,2.6,3.45
5173,2,6,5.7,2.2,2.8
5174,2,6,9.85,2.6,3.2
5175,3,10,8.82,2.6,3.9
5176,2,6,6.132,1.89,2.463
5177,4,12,12.62,2.6,3.95
5178,3,10,12.9,2.6,4.1
5179,2,6,6.48,2.6,3.1
5180,2,6,5.95,2.4,2.3
5181,2,6,9.9,2.49,3.5
5182,3,10,8.15,2.6,3.53
5183,2,6,7.8,2.4,3.6
5184,2,6,9.23,2.6,3.513
5185,4,14,11.5,2.6,4.0
5186,3,10,10.61,2.6,3.65
5187,3,10,9.65,2.5,3.75
5188,2,6,8.792,2.486,3.35
5189,4,14,12.2,2.6,3.5
5190,3,10,10.1,2.6,3.95
5191,3,10,11.6,2.5,4.0
5192,2,6,7.26,2.33,2.5
5193,4,12,8.9,2.6,4.02
5194,2,6,10.085,2.6,4.1
5195,3,10,11.73,2.6,4.1
5196,3,10,11.83,2.6,3.9
5197,2,6,9.8,2.5,3.2
5198,2,6,9.99,2.6,3.95
5199,3,10,11.8,2.6,3.7
5200,3,10,12.32,2.6,4.1
5201,2,6,9.2,2.6,2.79
5202,4,12,11.565,2.6,4.1
5203,2,6,7.6,2.3,3.6
5204,2,6,6.25,2.494,2.774
5205,4,12,8.79,2.6,3.82
5206,2,6,11.5,2.6,3.7
5207,2,6,9.35,2.4,3.3
5208,2,6,10.0,2.6,3.85
5209,4,12,8.217,2.6,3.8
5210,4,12,10.042,2.6,3.65
5211,2,6,8.992,2.6,3.35
5212,3,10,9.84,2.6,3.95
5213,3,10,9.2,2.6,3.95
5214,3,10,9.44,2.6,3.05
5215,2,6,10.6,2.6,3.7
5216,2,6,6.05,2.42,3.05
5217,3,10,8.1,2.6,3.7
5218,2,6,8.3,2.3,2.8
5219,2,6,8.73,2.55,3.2
5220,3,10,9.2,2.55,3.75
5221,2,6,11.6,2.6,4.0
5222,3,10,12.62,2.6,4.1
5223,2,6,5.85,2.11,2.6
5224,2,6,7.4,2.5,3.0
5225,4,12,10.043,2.6,3.7
5226,3,10,8.348,2.6,3.768
5227,3,10,8.7,2.6,3.3
5228,3,10,11.91,2.5,3.9
5229,2,6,8.0,2.4,3.7
5230,2,6,8.5,2.6,3.2
5231,4,12,11.8,2.6,3.2
5232,3,10,9.585,2.5,3.6
5233,4,12,10.465,2.5,3.975
5234,3,10,8.36,2.6,3.62
5235,4,12,11.3,2.6,3.82
5236,3,10,9.1,2.6,3.8
5237,3,10,11.65,2.6,3.995
5238,3,10,9.85,2.55,3.4
5239,2,6,9.98,2.6,3.95
5240,2,6,6.7,2.47,2.7
5241,2,6,7.05,2.3,3.3
5242,2,6,8.15,2.3,2.9
5243,3,10,9.6,2.6,3.25
5244,4,12,10.9,2.6,3.6
5245,3,10,11.27,2.5,3.92
5246,3,10,8.451,2.55,3.05
5247,3,10,8.65,2.5,3.15
5248,4,12,11.75,2.6,3.15
5249,2,6,7.6,2.3,3.3
5250,2,6,9.95,2.6,3.5
5251,4,12,10.036,2.6,3.467
5252,3,10,10.4,2.6,3.3
5253,3,10,9.84,2.6,3.7
5254,3,10,11.3,2.6,3.85
5255,4,12,12.16,2.6,3.55
5256,3,10,10.55,2.6,3.36
5257,2,6,7.45,2.3,3.3
5258,3,10,8.28,2.6,4.1
5259,3,10,10.809,2.6,3.588
5260,4,12,13.0,2.6,4.0
5261,2,6,9.1,2.6,3.25
5262,3,10,7.7,2.55,3.34
5263,3,10,10.15,2.5,3.71
5264,3,10,8.55,2.5,3.4
5265,2,6,10.85,2.55,3.8
5266,2,6,7.2,2.33,3.4
5267,3,10,9.7,2.6,3.642
5268,3,10,8.99,2.57,3.231
5269,3,10,8.635,2.57,2.992
5270,3,10,8.8,2.57,2.992
5271,2,6,6.9,2.45,2.6
5272,2,6,9.07,2.6,3.81
5273,4,14,11.55,2.6,3.85
5274,3,10,8.35,2.6,3.758
5275,4,12,10.8,2.6,4.0
5276,3,10,8.305,2.6,3.85
5277,4,14,11.8,2.6,3.4
5278,3,10,8.7,2.6,4.1
5279,3,10,12.5,2.6,2.8
5280,2,6,9.4,2.55,3.9
5281,3,10,7.8,3.45,2.6
5282,2,6,7.32,2.4,3.7
5283,2,6,7.2,2.6,2.9
5284,2,6,8.3,2.28,3.3
5285,2,6,8.87,2.56,3.21
5286,2,6,7.1,2.25,3.2
5287,2,6,8.4,2.52,3.25
5288,3,10,9.5,2.4,3.2
5289,2,6,8.4,2.25,2.5
5290,2,6,10.0,2.49,2.94
5291,3,10,8.82,2.6,3.64
5292,3,10,9.1,2.4,3.8
5293,2,6,7.7,2.35,3.5
5294,2,6,7.0,2.45,2.9
5295,2,6,9.35,2.49,2.72
5296,2,6,8.84,2.6,3.05
5297,2,6,10.3,2.6,3.6
5298,2,6,8.67,2.44,2.9
5299,2,6,8.73,2.51,2.88
5300,3,10,7.73,2.5,3.35
5301,4,12,12.0,2.6,3.67
5302,2,6,7.3,2.2,3.3
5303,3,10,11.332,2.6,3.77
5304,3,10,7.95,2.6,3.8
5305,2,6,7.8,2.4,3.2
5306,3,10,9.7,2.6,3.97
5307,4,12,11.974,2.6,3.96
5308,4,12,8.997,2.6,3.96
5309,3,10,9.84,2.55,4.0
5310,3,10,9.44,2.55,4.1
5311,2,6,8.1,2.6,3.4
5312,4,12,9.665,2.6,3.49
5313,2,6,7.29,2.25,2.85
5314,2,6,7.35,2.3,3.4
5315,3,10,12.3,2.6,3.6
5316,3,10,10.83,2.6,3.85
5317,4,12,12.274,2.6,3.905
5318,3,10,11.35,2.6,3.7
5319,2,6,10.42,2.3,4.1
5320,3,10,12.0,2.6,3.8
5321,3,10,8.017,2.6,3.665
5322,2,6,7.2,2.25,2.95
5323,2,6,9.0,2.32,3.8
5324,3,10,10.043,2.6,3.7
5325,3,10,11.2,2.6,2.9
5326,4,12,12.4,2.6,3.95
5327,2,4,4.719,1.821,1.694
5328,4,12,10.15,2.55,3.6
5329,3,10,7.8,2.55,3.12
5330,3,10,10.093,2.6,4.1
5331,3,10,10.4,2.6,3.2
5332,2,6,9.65,2.6,3.8
5333,2,6,9.3,2.6,3.2
5334,3,10,9.85,2.6,3.97
5335,2,6,8.1,2.2,2.85
5336,2,6,7.15,2.43,3.2
5337,3,10,8.352,2.6,3.773
5338,2,6,9.53,2.6,3.9
5339,2,6,10.5,2.6,3.55
5340,4,12,8.73,2.6,2.9
5341,2,6,9.18,2.55,3.75
5342,3,10,8.8,2.55,3.55
5343,3,,6.75,2.5,3.657
